樣本編號,中文俗名,學名,苔蘚類群,生長型態,主要顏色,生長基質,孢蒴有無,觀測地點,資料來源
GBIF-5938437885,Racopilum cuspidigerum,Racopilum cuspidigerum,蘚類 Bryophyta,未知,未記錄,未知,未記錄,Taipei,GBIF
GBIF-5938666626,Racopilum cuspidigerum,Racopilum cuspidigerum,蘚類 Bryophyta,未知,未記錄,未知,未記錄,New Taipei,GBIF
GBIF-6130020411,Spiridens reinwardtii,Spiridens reinwardtii,蘚類 Bryophyta,未知,未記錄,未知,未記錄,Taiwan,GBIF
GBIF-6131063166,Octoblepharum albidum,Octoblepharum albidum,蘚類 Bryophyta,未知,未記錄,未知,未記錄,Taiwan,GBIF
GBIF-6131338408,Octoblepharum albidum,Octoblepharum albidum,蘚類 Bryophyta,未知,未記錄,未知,未記錄,Taiwan,GBIF
GBIF-6147295278,Rhodobryum giganteum,Rhodobryum giganteum,蘚類 Bryophyta,未知,未記錄,未知,未記錄,Kaohsiung,GBIF
GBIF-6147681400,Rhodobryum giganteum,Rhodobryum giganteum,蘚類 Bryophyta,未知,未記錄,未知,未記錄,Kaohsiung,GBIF
GBIF-6147190347,Rhodobryum giganteum,Rhodobryum giganteum,蘚類 Bryophyta,未知,未記錄,未知,未記錄,Kaohsiung,GBIF
GBIF-6159207538,Rhodobryum giganteum,Rhodobryum giganteum,蘚類 Bryophyta,未知,未記錄,未知,未記錄,Taiwan,GBIF
GBIF-6159311421,Sphagnum junghuhnianum,Sphagnum junghuhnianum,蘚類 Bryophyta,未知,未記錄,未知,未記錄,Kaohsiung,GBIF
GBIF-6159425694,Racopilum cuspidigerum,Racopilum cuspidigerum,蘚類 Bryophyta,未知,未記錄,未知,未記錄,Taiwan,GBIF
GBIF-6159516849,Rosulabryum billardierei,Rosulabryum billardierei,蘚類 Bryophyta,未知,未記錄,未知,未記錄,Taiwan,GBIF
GBIF-6163278871,Pseudospiridentopsis horrida,Pseudospiridentopsis horrida,蘚類 Bryophyta,未知,未記錄,未知,未記錄,Taiwan,GBIF
GBIF-6170974438,Rhodobryum giganteum,Rhodobryum giganteum,蘚類 Bryophyta,未知,未記錄,未知,未記錄,Taichung,GBIF
GBIF-6171136865,Spiridens reinwardtii,Spiridens reinwardtii,蘚類 Bryophyta,未知,未記錄,未知,未記錄,Taiwan,GBIF
GBIF-6171222526,Rhodobryum giganteum,Rhodobryum giganteum,蘚類 Bryophyta,未知,未記錄,未知,未記錄,Taiwan,GBIF
GBIF-6171278954,Racopilum cuspidigerum,Racopilum cuspidigerum,蘚類 Bryophyta,未知,未記錄,未知,未記錄,New Taipei,GBIF
GBIF-6179314283,Rhodobryum giganteum,Rhodobryum giganteum,蘚類 Bryophyta,未知,未記錄,未知,未記錄,Taichung,GBIF
GBIF-6179323653,Spiridens reinwardtii,Spiridens reinwardtii,蘚類 Bryophyta,未知,未記錄,未知,未記錄,Taiwan,GBIF
GBIF-6236220799,Rhodobryum giganteum,Rhodobryum giganteum,蘚類 Bryophyta,未知,未記錄,未知,未記錄,Taiwan,GBIF
GBIF-6178632400,Pseudospiridentopsis horrida,Pseudospiridentopsis horrida,蘚類 Bryophyta,未知,未記錄,未知,未記錄,Taiwan,GBIF
GBIF-6178654171,Rhodobryum giganteum,Rhodobryum giganteum,蘚類 Bryophyta,未知,未記錄,未知,未記錄,Taiwan,GBIF
GBIF-6178745490,Rhodobryum giganteum,Rhodobryum giganteum,蘚類 Bryophyta,未知,未記錄,未知,未記錄,Taiwan,GBIF
GBIF-6179180857,Hylocomium splendens,Hylocomium splendens,蘚類 Bryophyta,未知,未記錄,未知,未記錄,Taiwan,GBIF
GBIF-6179193461,Rhodobryum giganteum,Rhodobryum giganteum,蘚類 Bryophyta,未知,未記錄,未知,未記錄,Taiwan,GBIF
GBIF-6179510060,Rhodobryum giganteum,Rhodobryum giganteum,蘚類 Bryophyta,未知,未記錄,未知,未記錄,Taiwan,GBIF
GBIF-6179545440,Sphagnum junghuhnianum,Sphagnum junghuhnianum,蘚類 Bryophyta,未知,未記錄,未知,未記錄,Taiwan,GBIF
GBIF-6184811139,Rhodobryum giganteum,Rhodobryum giganteum,蘚類 Bryophyta,未知,未記錄,未知,未記錄,Taiwan,GBIF
GBIF-6235227340,Rhodobryum giganteum,Rhodobryum giganteum,蘚類 Bryophyta,未知,未記錄,未知,未記錄,Taiwan,GBIF
GBIF-6188477496,Spiridens reinwardtii,Spiridens reinwardtii,蘚類 Bryophyta,未知,未記錄,未知,未記錄,Taiwan,GBIF
GBIF-6195400538,Rhodobryum giganteum,Rhodobryum giganteum,蘚類 Bryophyta,未知,未記錄,未知,未記錄,Taiwan,GBIF
GBIF-6195949819,Sphagnum junghuhnianum,Sphagnum junghuhnianum,蘚類 Bryophyta,未知,未記錄,未知,未記錄,Taiwan,GBIF
GBIF-6234480509,Rhodobryum giganteum,Rhodobryum giganteum,蘚類 Bryophyta,未知,未記錄,未知,未記錄,Kaohsiung,GBIF
GBIF-6234608889,Rhodobryum giganteum,Rhodobryum giganteum,蘚類 Bryophyta,未知,未記錄,未知,未記錄,Kaohsiung,GBIF
GBIF-6234910401,Rhodobryum giganteum,Rhodobryum giganteum,蘚類 Bryophyta,未知,未記錄,未知,未記錄,New Taipei,GBIF
GBIF-6235067669,Racopilum cuspidigerum,Racopilum cuspidigerum,蘚類 Bryophyta,未知,未記錄,未知,未記錄,New Taipei,GBIF
GBIF-6235435755,Rhodobryum giganteum,Rhodobryum giganteum,蘚類 Bryophyta,未知,未記錄,未知,未記錄,New Taipei,GBIF
GBIF-6235575013,Rhodobryum giganteum,Rhodobryum giganteum,蘚類 Bryophyta,未知,未記錄,未知,未記錄,Taiwan,GBIF
GBIF-6251879492,Racopilum cuspidigerum,Racopilum cuspidigerum,蘚類 Bryophyta,未知,未記錄,未知,未記錄,Taiwan,GBIF
GBIF-6252043303,Rhodobryum giganteum,Rhodobryum giganteum,蘚類 Bryophyta,未知,未記錄,未知,未記錄,Taiwan,GBIF
GBIF-6253207072,Hylocomium splendens,Hylocomium splendens,蘚類 Bryophyta,未知,未記錄,未知,未記錄,Taiwan,GBIF
GBIF-5006884705,Racopilum cuspidigerum,Racopilum cuspidigerum,蘚類 Bryophyta,未知,未記錄,未知,未記錄,Taiwan,GBIF
GBIF-5007227582,Octoblepharum albidum,Octoblepharum albidum,蘚類 Bryophyta,未知,未記錄,未知,未記錄,Taiwan,GBIF
GBIF-5007669647,Herpetineuron toccoae,Herpetineuron toccoae,蘚類 Bryophyta,未知,未記錄,未知,未記錄,Taiwan,GBIF
GBIF-5007739072,Octoblepharum albidum,Octoblepharum albidum,蘚類 Bryophyta,未知,未記錄,未知,未記錄,Taiwan,GBIF
GBIF-5007824544,Octoblepharum albidum,Octoblepharum albidum,蘚類 Bryophyta,未知,未記錄,未知,未記錄,Taiwan,GBIF
GBIF-5007893738,Racopilum cuspidigerum,Racopilum cuspidigerum,蘚類 Bryophyta,未知,未記錄,未知,未記錄,Taiwan,GBIF
GBIF-5008109447,Octoblepharum albidum,Octoblepharum albidum,蘚類 Bryophyta,未知,未記錄,未知,未記錄,Taiwan,GBIF
GBIF-5062966153,Racopilum cuspidigerum,Racopilum cuspidigerum,蘚類 Bryophyta,未知,未記錄,未知,未記錄,Taiwan,GBIF
GBIF-5062981806,Hyophila involuta,Hyophila involuta,蘚類 Bryophyta,未知,未記錄,未知,未記錄,Kaohsiung,GBIF
GBIF-5063257794,Hyophila involuta,Hyophila involuta,蘚類 Bryophyta,未知,未記錄,未知,未記錄,Taiwan,GBIF
GBIF-5063530198,Hyophila involuta,Hyophila involuta,蘚類 Bryophyta,未知,未記錄,未知,未記錄,Kaohsiung,GBIF
GBIF-5063808372,Octoblepharum albidum,Octoblepharum albidum,蘚類 Bryophyta,未知,未記錄,未知,未記錄,Taiwan,GBIF
GBIF-5063939422,Trematodon longicollis,Trematodon longicollis,蘚類 Bryophyta,未知,未記錄,未知,未記錄,Kaohsiung,GBIF
GBIF-5216016506,Herpetineuron toccoae,Herpetineuron toccoae,蘚類 Bryophyta,未知,未記錄,未知,未記錄,Taiwan,GBIF
GBIF-5063871887,Rosulabryum billardierei,Rosulabryum billardierei,蘚類 Bryophyta,未知,未記錄,未知,未記錄,Taiwan,GBIF
GBIF-5063878648,Rhodobryum giganteum,Rhodobryum giganteum,蘚類 Bryophyta,未知,未記錄,未知,未記錄,Taiwan,GBIF
GBIF-5063940628,Hyophila involuta,Hyophila involuta,蘚類 Bryophyta,未知,未記錄,未知,未記錄,Taiwan,GBIF
GBIF-5063969806,Racopilum cuspidigerum,Racopilum cuspidigerum,蘚類 Bryophyta,未知,未記錄,未知,未記錄,Taiwan,GBIF
GBIF-5063975451,Racopilum cuspidigerum,Racopilum cuspidigerum,蘚類 Bryophyta,未知,未記錄,未知,未記錄,Taiwan,GBIF
GBIF-5063976548,Hyophila involuta,Hyophila involuta,蘚類 Bryophyta,未知,未記錄,未知,未記錄,Taiwan,GBIF
GBIF-5069914672,Racopilum cuspidigerum,Racopilum cuspidigerum,蘚類 Bryophyta,未知,未記錄,未知,未記錄,Taiwan,GBIF
GBIF-5070020795,Hyophila involuta,Hyophila involuta,蘚類 Bryophyta,未知,未記錄,未知,未記錄,Kaohsiung,GBIF
GBIF-5070056526,Hyophila involuta,Hyophila involuta,蘚類 Bryophyta,未知,未記錄,未知,未記錄,Taiwan,GBIF
GBIF-5070088000,Racopilum cuspidigerum,Racopilum cuspidigerum,蘚類 Bryophyta,未知,未記錄,未知,未記錄,Taiwan,GBIF
GBIF-5070138481,Hyophila involuta,Hyophila involuta,蘚類 Bryophyta,未知,未記錄,未知,未記錄,Kaohsiung,GBIF
GBIF-5076880765,Racopilum cuspidigerum,Racopilum cuspidigerum,蘚類 Bryophyta,未知,未記錄,未知,未記錄,Taipei,GBIF
GBIF-5076923474,Racopilum cuspidigerum,Racopilum cuspidigerum,蘚類 Bryophyta,未知,未記錄,未知,未記錄,Taiwan,GBIF
GBIF-5076961188,Octoblepharum albidum,Octoblepharum albidum,蘚類 Bryophyta,未知,未記錄,未知,未記錄,Taichung,GBIF
GBIF-5076992074,Hyophila involuta,Hyophila involuta,蘚類 Bryophyta,未知,未記錄,未知,未記錄,Taipei,GBIF
GBIF-5077069552,Hylocomium splendens,Hylocomium splendens,蘚類 Bryophyta,未知,未記錄,未知,未記錄,Taichung,GBIF
GBIF-5077086214,Trematodon longicollis,Trematodon longicollis,蘚類 Bryophyta,未知,未記錄,未知,未記錄,Taiwan,GBIF
GBIF-5087204606,Sphagnum junghuhnianum,Sphagnum junghuhnianum,蘚類 Bryophyta,未知,未記錄,未知,未記錄,Taichung,GBIF
GBIF-5087238977,Racopilum cuspidigerum,Racopilum cuspidigerum,蘚類 Bryophyta,未知,未記錄,未知,未記錄,New Taipei,GBIF
GBIF-5133771348,Pseudospiridentopsis horrida,Pseudospiridentopsis horrida,蘚類 Bryophyta,未知,未記錄,未知,未記錄,Taiwan,GBIF
GBIF-5216586542,Rhodobryum giganteum,Rhodobryum giganteum,蘚類 Bryophyta,未知,未記錄,未知,未記錄,Taiwan,GBIF
GBIF-5087282763,Racopilum cuspidigerum,Racopilum cuspidigerum,蘚類 Bryophyta,未知,未記錄,未知,未記錄,Taichung,GBIF
GBIF-5087490112,Trematodon longicollis,Trematodon longicollis,蘚類 Bryophyta,未知,未記錄,未知,未記錄,Kaohsiung,GBIF
GBIF-5087724182,Rhodobryum giganteum,Rhodobryum giganteum,蘚類 Bryophyta,未知,未記錄,未知,未記錄,Taiwan,GBIF
GBIF-5088120893,Racopilum cuspidigerum,Racopilum cuspidigerum,蘚類 Bryophyta,未知,未記錄,未知,未記錄,Taiwan,GBIF
GBIF-5104341140,Trematodon longicollis,Trematodon longicollis,蘚類 Bryophyta,未知,未記錄,未知,未記錄,Tainan,GBIF
GBIF-5104341391,Sphagnum cuspidatulum,Sphagnum cuspidatulum,蘚類 Bryophyta,未知,未記錄,未知,未記錄,Taiwan,GBIF
GBIF-5104390920,Hookeria acutifolia,Hookeria acutifolia,蘚類 Bryophyta,未知,未記錄,未知,未記錄,New Taipei,GBIF
GBIF-5104464989,Rhodobryum giganteum,Rhodobryum giganteum,蘚類 Bryophyta,未知,未記錄,未知,未記錄,Taiwan,GBIF
GBIF-5104623878,Octoblepharum albidum,Octoblepharum albidum,蘚類 Bryophyta,未知,未記錄,未知,未記錄,Taipei,GBIF
GBIF-5108122862,Trematodon longicollis,Trematodon longicollis,蘚類 Bryophyta,未知,未記錄,未知,未記錄,Taiwan,GBIF
GBIF-5108131732,Sphagnum cuspidatulum,Sphagnum cuspidatulum,蘚類 Bryophyta,未知,未記錄,未知,未記錄,Taiwan,GBIF
GBIF-5108142643,Rhodobryum giganteum,Rhodobryum giganteum,蘚類 Bryophyta,未知,未記錄,未知,未記錄,Taiwan,GBIF
GBIF-5108373430,Hyophila involuta,Hyophila involuta,蘚類 Bryophyta,未知,未記錄,未知,未記錄,Taichung,GBIF
GBIF-5108382490,Octoblepharum albidum,Octoblepharum albidum,蘚類 Bryophyta,未知,未記錄,未知,未記錄,Taiwan,GBIF
GBIF-5134011494,Spiridens reinwardtii,Spiridens reinwardtii,蘚類 Bryophyta,未知,未記錄,未知,未記錄,Taiwan,GBIF
GBIF-5177054529,Trematodon longicollis,Trematodon longicollis,蘚類 Bryophyta,未知,未記錄,未知,未記錄,New Taipei,GBIF
GBIF-5133149989,Racopilum cuspidigerum,Racopilum cuspidigerum,蘚類 Bryophyta,未知,未記錄,未知,未記錄,Taipei,GBIF
GBIF-5133634934,Rhodobryum giganteum,Rhodobryum giganteum,蘚類 Bryophyta,未知,未記錄,未知,未記錄,Taiwan,GBIF
GBIF-5133978137,Rhodobryum giganteum,Rhodobryum giganteum,蘚類 Bryophyta,未知,未記錄,未知,未記錄,Taiwan,GBIF
GBIF-5134017456,Trematodon longicollis,Trematodon longicollis,蘚類 Bryophyta,未知,未記錄,未知,未記錄,Taipei,GBIF
GBIF-5134076982,Rhodobryum giganteum,Rhodobryum giganteum,蘚類 Bryophyta,未知,未記錄,未知,未記錄,Taiwan,GBIF
GBIF-5134791389,Hookeria acutifolia,Hookeria acutifolia,蘚類 Bryophyta,未知,未記錄,未知,未記錄,New Taipei,GBIF
GBIF-5140155102,Racopilum cuspidigerum,Racopilum cuspidigerum,蘚類 Bryophyta,未知,未記錄,未知,未記錄,Taiwan,GBIF
GBIF-5140349125,Hyophila involuta,Hyophila involuta,蘚類 Bryophyta,未知,未記錄,未知,未記錄,Taiwan,GBIF
GBIF-5140610705,Racopilum cuspidigerum,Racopilum cuspidigerum,蘚類 Bryophyta,未知,未記錄,未知,未記錄,Taiwan,GBIF
GBIF-5140717108,Rhodobryum giganteum,Rhodobryum giganteum,蘚類 Bryophyta,未知,未記錄,未知,未記錄,New Taipei,GBIF
GBIF-5140755582,Hylocomium splendens,Hylocomium splendens,蘚類 Bryophyta,未知,未記錄,未知,未記錄,Taiwan,GBIF
GBIF-5140755738,Pseudospiridentopsis horrida,Pseudospiridentopsis horrida,蘚類 Bryophyta,未知,未記錄,未知,未記錄,Taiwan,GBIF
GBIF-5140786600,Pseudospiridentopsis horrida,Pseudospiridentopsis horrida,蘚類 Bryophyta,未知,未記錄,未知,未記錄,Taiwan,GBIF
GBIF-5140788357,Rosulabryum billardierei,Rosulabryum billardierei,蘚類 Bryophyta,未知,未記錄,未知,未記錄,Taiwan,GBIF
GBIF-5141056915,Hylocomium splendens,Hylocomium splendens,蘚類 Bryophyta,未知,未記錄,未知,未記錄,Taiwan,GBIF
GBIF-5153425680,Racopilum cuspidigerum,Racopilum cuspidigerum,蘚類 Bryophyta,未知,未記錄,未知,未記錄,Taiwan,GBIF
GBIF-5153883977,Racopilum cuspidigerum,Racopilum cuspidigerum,蘚類 Bryophyta,未知,未記錄,未知,未記錄,Taiwan,GBIF
GBIF-5154402466,Racopilum cuspidigerum,Racopilum cuspidigerum,蘚類 Bryophyta,未知,未記錄,未知,未記錄,Taiwan,GBIF
GBIF-5154423136,Racopilum cuspidigerum,Racopilum cuspidigerum,蘚類 Bryophyta,未知,未記錄,未知,未記錄,Taiwan,GBIF
GBIF-5154903548,Racopilum cuspidigerum,Racopilum cuspidigerum,蘚類 Bryophyta,未知,未記錄,未知,未記錄,Taiwan,GBIF
GBIF-5153963459,Pseudospiridentopsis horrida,Pseudospiridentopsis horrida,蘚類 Bryophyta,未知,未記錄,未知,未記錄,Taiwan,GBIF
GBIF-5154429944,Rosulabryum billardierei,Rosulabryum billardierei,蘚類 Bryophyta,未知,未記錄,未知,未記錄,Taiwan,GBIF
GBIF-5154928423,Rosulabryum billardierei,Rosulabryum billardierei,蘚類 Bryophyta,未知,未記錄,未知,未記錄,Taiwan,GBIF
GBIF-5166797734,Sphagnum junghuhnianum,Sphagnum junghuhnianum,蘚類 Bryophyta,未知,未記錄,未知,未記錄,Taiwan,GBIF
GBIF-5167890844,Racopilum cuspidigerum,Racopilum cuspidigerum,蘚類 Bryophyta,未知,未記錄,未知,未記錄,New Taipei,GBIF
GBIF-5167931342,Octoblepharum albidum,Octoblepharum albidum,蘚類 Bryophyta,未知,未記錄,未知,未記錄,Taiwan,GBIF
GBIF-5176592025,Rosulabryum billardierei,Rosulabryum billardierei,蘚類 Bryophyta,未知,未記錄,未知,未記錄,Taiwan,GBIF
GBIF-5176884694,Rhodobryum giganteum,Rhodobryum giganteum,蘚類 Bryophyta,未知,未記錄,未知,未記錄,Taiwan,GBIF
GBIF-5187516610,Rhodobryum giganteum,Rhodobryum giganteum,蘚類 Bryophyta,未知,未記錄,未知,未記錄,Taiwan,GBIF
GBIF-5187961666,Rhodobryum giganteum,Rhodobryum giganteum,蘚類 Bryophyta,未知,未記錄,未知,未記錄,Taiwan,GBIF
GBIF-5199075027,Rhodobryum giganteum,Rhodobryum giganteum,蘚類 Bryophyta,未知,未記錄,未知,未記錄,Taichung,GBIF
GBIF-5205825918,Octoblepharum albidum,Octoblepharum albidum,蘚類 Bryophyta,未知,未記錄,未知,未記錄,Taiwan,GBIF
GBIF-5187738949,Hylocomium splendens,Hylocomium splendens,蘚類 Bryophyta,未知,未記錄,未知,未記錄,Taichung,GBIF
GBIF-5187754070,Octoblepharum albidum,Octoblepharum albidum,蘚類 Bryophyta,未知,未記錄,未知,未記錄,Taiwan,GBIF
GBIF-5198336181,Hylocomium splendens,Hylocomium splendens,蘚類 Bryophyta,未知,未記錄,未知,未記錄,Taiwan,GBIF
GBIF-5198935708,Rosulabryum billardierei,Rosulabryum billardierei,蘚類 Bryophyta,未知,未記錄,未知,未記錄,Taiwan,GBIF
GBIF-5205900076,Hylocomium splendens,Hylocomium splendens,蘚類 Bryophyta,未知,未記錄,未知,未記錄,Taiwan,GBIF
GBIF-5206535132,Rosulabryum billardierei,Rosulabryum billardierei,蘚類 Bryophyta,未知,未記錄,未知,未記錄,Taiwan,GBIF
GBIF-5215838698,Hylocomium splendens,Hylocomium splendens,蘚類 Bryophyta,未知,未記錄,未知,未記錄,Taiwan,GBIF
GBIF-5216481987,Octoblepharum albidum,Octoblepharum albidum,蘚類 Bryophyta,未知,未記錄,未知,未記錄,Taiwan,GBIF
GBIF-5230249546,Rosulabryum billardierei,Rosulabryum billardierei,蘚類 Bryophyta,未知,未記錄,未知,未記錄,Taiwan,GBIF
GBIF-5230705246,Octoblepharum albidum,Octoblepharum albidum,蘚類 Bryophyta,未知,未記錄,未知,未記錄,Taiwan,GBIF
GBIF-5231597979,Bryum petelotii,Bryum petelotii,蘚類 Bryophyta,未知,未記錄,未知,未記錄,Taiwan,GBIF
GBIF-5237655829,Pseudospiridentopsis horrida,Pseudospiridentopsis horrida,蘚類 Bryophyta,未知,未記錄,未知,未記錄,Taiwan,GBIF
GBIF-5237975817,Breutelia arundinifolia,Breutelia arundinifolia,蘚類 Bryophyta,未知,未記錄,未知,未記錄,Taiwan,GBIF
GBIF-5281818487,Rosulabryum billardierei,Rosulabryum billardierei,蘚類 Bryophyta,未知,未記錄,未知,未記錄,Taiwan,GBIF
GBIF-5282021314,Hookeria acutifolia,Hookeria acutifolia,蘚類 Bryophyta,未知,未記錄,未知,未記錄,Taipei,GBIF
GBIF-5760878390,Rosulabryum billardierei,Rosulabryum billardierei,蘚類 Bryophyta,未知,未記錄,未知,未記錄,Taichung,GBIF
GBIF-5903880309,Octoblepharum albidum,Octoblepharum albidum,蘚類 Bryophyta,未知,未記錄,未知,未記錄,Taiwan,GBIF
GBIF-6234306116,Rhodobryum giganteum,Rhodobryum giganteum,蘚類 Bryophyta,未知,未記錄,未知,未記錄,Taiwan,GBIF
GBIF-5889253036,Sphagnum cuspidatum,Sphagnum cuspidatum,蘚類 Bryophyta,未知,未記錄,未知,未記錄,Taiwan,GBIF
GBIF-5938320546,Rosulabryum billardierei,Rosulabryum billardierei,蘚類 Bryophyta,未知,未記錄,未知,未記錄,Taichung,GBIF
GBIF-5830374233,Octoblepharum albidum,Octoblepharum albidum,蘚類 Bryophyta,未知,未記錄,未知,未記錄,Taiwan,GBIF
GBIF-5844647849,Hylocomium splendens,Hylocomium splendens,蘚類 Bryophyta,未知,未記錄,未知,未記錄,Taiwan,GBIF
GBIF-5867727530,Hookeria acutifolia,Hookeria acutifolia,蘚類 Bryophyta,未知,未記錄,未知,未記錄,Taiwan,GBIF
GBIF-5867736732,Sphagnum cuspidatulum,Sphagnum cuspidatulum,蘚類 Bryophyta,未知,未記錄,未知,未記錄,Taiwan,GBIF
GBIF-5867754107,Sphagnum junghuhnianum,Sphagnum junghuhnianum,蘚類 Bryophyta,未知,未記錄,未知,未記錄,Taiwan,GBIF
GBIF-5867764618,Pseudospiridentopsis horrida,Pseudospiridentopsis horrida,蘚類 Bryophyta,未知,未記錄,未知,未記錄,Taiwan,GBIF
GBIF-5867818410,Pseudospiridentopsis horrida,Pseudospiridentopsis horrida,蘚類 Bryophyta,未知,未記錄,未知,未記錄,Taiwan,GBIF
GBIF-5867837691,Hookeria acutifolia,Hookeria acutifolia,蘚類 Bryophyta,未知,未記錄,未知,未記錄,Taiwan,GBIF
GBIF-5867900818,Sphagnum cuspidatulum,Sphagnum cuspidatulum,蘚類 Bryophyta,未知,未記錄,未知,未記錄,Taiwan,GBIF
GBIF-5867941608,Hookeria acutifolia,Hookeria acutifolia,蘚類 Bryophyta,未知,未記錄,未知,未記錄,Taiwan,GBIF
GBIF-5867994388,Sphagnum cuspidatulum,Sphagnum cuspidatulum,蘚類 Bryophyta,未知,未記錄,未知,未記錄,Taiwan,GBIF
GBIF-5868011887,Hookeria acutifolia,Hookeria acutifolia,蘚類 Bryophyta,未知,未記錄,未知,未記錄,Taiwan,GBIF
GBIF-5868017586,Sphagnum junghuhnianum,Sphagnum junghuhnianum,蘚類 Bryophyta,未知,未記錄,未知,未記錄,Taiwan,GBIF
GBIF-5868049320,Sphagnum junghuhnianum,Sphagnum junghuhnianum,蘚類 Bryophyta,未知,未記錄,未知,未記錄,Taiwan,GBIF
GBIF-5868100730,Sphagnum cuspidatulum,Sphagnum cuspidatulum,蘚類 Bryophyta,未知,未記錄,未知,未記錄,Taiwan,GBIF
GBIF-5868100855,Sphagnum rubiginosum,Sphagnum rubiginosum,蘚類 Bryophyta,未知,未記錄,未知,未記錄,Taiwan,GBIF
GBIF-5868133473,Bryoxiphium japonicum,Bryoxiphium japonicum,蘚類 Bryophyta,未知,未記錄,未知,未記錄,Taiwan,GBIF
GBIF-5868135546,Hookeria acutifolia,Hookeria acutifolia,蘚類 Bryophyta,未知,未記錄,未知,未記錄,Taiwan,GBIF
GBIF-5868148592,Sphagnum junghuhnianum,Sphagnum junghuhnianum,蘚類 Bryophyta,未知,未記錄,未知,未記錄,Taiwan,GBIF
GBIF-5868183759,Breutelia arundinifolia,Breutelia arundinifolia,蘚類 Bryophyta,未知,未記錄,未知,未記錄,Taiwan,GBIF
GBIF-5868278702,Pyrrhobryum spiniforme,Pyrrhobryum spiniforme,蘚類 Bryophyta,未知,未記錄,未知,未記錄,Taiwan,GBIF
GBIF-5868285117,Bryoxiphium japonicum,Bryoxiphium japonicum,蘚類 Bryophyta,未知,未記錄,未知,未記錄,Taiwan,GBIF
GBIF-5868354746,Rhodobryum giganteum,Rhodobryum giganteum,蘚類 Bryophyta,未知,未記錄,未知,未記錄,Taiwan,GBIF
GBIF-5868357338,Bryoxiphium japonicum,Bryoxiphium japonicum,蘚類 Bryophyta,未知,未記錄,未知,未記錄,Taiwan,GBIF
GBIF-5868408570,Rhodobryum giganteum,Rhodobryum giganteum,蘚類 Bryophyta,未知,未記錄,未知,未記錄,Taiwan,GBIF
GBIF-5868425264,Hookeria acutifolia,Hookeria acutifolia,蘚類 Bryophyta,未知,未記錄,未知,未記錄,Taiwan,GBIF
GBIF-5889299476,Octoblepharum albidum,Octoblepharum albidum,蘚類 Bryophyta,未知,未記錄,未知,未記錄,Taiwan,GBIF
GBIF-5889376351,Rhodobryum giganteum,Rhodobryum giganteum,蘚類 Bryophyta,未知,未記錄,未知,未記錄,New Taipei,GBIF
GBIF-5889408887,Sphagnum cuspidatulum,Sphagnum cuspidatulum,蘚類 Bryophyta,未知,未記錄,未知,未記錄,Taiwan,GBIF
GBIF-5889683576,Octoblepharum albidum,Octoblepharum albidum,蘚類 Bryophyta,未知,未記錄,未知,未記錄,Taiwan,GBIF
GBIF-5889725621,Octoblepharum albidum,Octoblepharum albidum,蘚類 Bryophyta,未知,未記錄,未知,未記錄,Taiwan,GBIF
GBIF-5890447449,Flatbergium sericeum,Flatbergium sericeum,蘚類 Bryophyta,未知,未記錄,未知,未記錄,Taiwan,GBIF
GBIF-5903810181,Sphagnum junghuhnianum,Sphagnum junghuhnianum,蘚類 Bryophyta,未知,未記錄,未知,未記錄,Taiwan,GBIF
GBIF-5903984995,Rhodobryum giganteum,Rhodobryum giganteum,蘚類 Bryophyta,未知,未記錄,未知,未記錄,Taiwan,GBIF
GBIF-5920157644,Bryoxiphium japonicum,Bryoxiphium japonicum,蘚類 Bryophyta,未知,未記錄,未知,未記錄,Taiwan,GBIF
GBIF-6159242001,Hookeria acutifolia,Hookeria acutifolia,蘚類 Bryophyta,未知,未記錄,未知,未記錄,Taiwan,GBIF
GBIF-6159501423,Pseudospiridentopsis horrida,Pseudospiridentopsis horrida,蘚類 Bryophyta,未知,未記錄,未知,未記錄,Taiwan,GBIF
GBIF-5890315218,Racopilum cuspidigerum,Racopilum cuspidigerum,蘚類 Bryophyta,未知,未記錄,未知,未記錄,New Taipei,GBIF
GBIF-5897425952,Sphagnum divinum,Sphagnum divinum,蘚類 Bryophyta,未知,未記錄,未知,未記錄,Taiwan,GBIF
GBIF-5909171101,Pseudospiridentopsis horrida,Pseudospiridentopsis horrida,蘚類 Bryophyta,未知,未記錄,未知,未記錄,Taiwan,GBIF
GBIF-5908840724,Octoblepharum albidum,Octoblepharum albidum,蘚類 Bryophyta,未知,未記錄,未知,未記錄,Taiwan,GBIF
GBIF-5920143232,Racopilum cuspidigerum,Racopilum cuspidigerum,蘚類 Bryophyta,未知,未記錄,未知,未記錄,Taiwan,GBIF
GBIF-5920200157,Rhodobryum giganteum,Rhodobryum giganteum,蘚類 Bryophyta,未知,未記錄,未知,未記錄,Taiwan,GBIF
GBIF-5935279716,Rhodobryum giganteum,Rhodobryum giganteum,蘚類 Bryophyta,未知,未記錄,未知,未記錄,Taiwan,GBIF
GBIF-5935335364,Spiridens reinwardtii,Spiridens reinwardtii,蘚類 Bryophyta,未知,未記錄,未知,未記錄,Taiwan,GBIF
GBIF-5935460356,Spiridens reinwardtii,Spiridens reinwardtii,蘚類 Bryophyta,未知,未記錄,未知,未記錄,Taiwan,GBIF
GBIF-5935797714,Hylocomium splendens,Hylocomium splendens,蘚類 Bryophyta,未知,未記錄,未知,未記錄,Taiwan,GBIF
GBIF-5936115306,Racopilum cuspidigerum,Racopilum cuspidigerum,蘚類 Bryophyta,未知,未記錄,未知,未記錄,New Taipei,GBIF
GBIF-5936215856,Racopilum cuspidigerum,Racopilum cuspidigerum,蘚類 Bryophyta,未知,未記錄,未知,未記錄,New Taipei,GBIF
GBIF-5938089641,Racopilum cuspidigerum,Racopilum cuspidigerum,蘚類 Bryophyta,未知,未記錄,未知,未記錄,New Taipei,GBIF
GBIF-5938236011,Hylocomium splendens,Hylocomium splendens,蘚類 Bryophyta,未知,未記錄,未知,未記錄,Taiwan,GBIF
GBIF-5938292177,Pyrrhobryum spiniforme,Pyrrhobryum spiniforme,蘚類 Bryophyta,未知,未記錄,未知,未記錄,Taiwan,GBIF
GBIF-4512089075,Rhodobryum giganteum,Rhodobryum giganteum,蘚類 Bryophyta,未知,未記錄,未知,未記錄,Taiwan,GBIF
GBIF-4512167357,Trematodon longicollis,Trematodon longicollis,蘚類 Bryophyta,未知,未記錄,未知,未記錄,Taipei,GBIF
GBIF-4516618944,Rhodobryum giganteum,Rhodobryum giganteum,蘚類 Bryophyta,未知,未記錄,未知,未記錄,Taiwan,GBIF
GBIF-4516651410,Sphagnum divinum,Sphagnum divinum,蘚類 Bryophyta,未知,未記錄,未知,未記錄,Taiwan,GBIF
GBIF-4516800026,Pyrrhobryum spiniforme,Pyrrhobryum spiniforme,蘚類 Bryophyta,未知,未記錄,未知,未記錄,Taichung,GBIF
GBIF-4516808945,Plagiomnium maximoviczii,Plagiomnium maximoviczii,蘚類 Bryophyta,未知,未記錄,未知,未記錄,Taichung,GBIF
GBIF-4516813721,Rhodobryum giganteum,Rhodobryum giganteum,蘚類 Bryophyta,未知,未記錄,未知,未記錄,Taiwan,GBIF
GBIF-5076953942,Rhodobryum giganteum,Rhodobryum giganteum,蘚類 Bryophyta,未知,未記錄,未知,未記錄,Taiwan,GBIF
GBIF-5281866707,Sphagnum divinum,Sphagnum divinum,蘚類 Bryophyta,未知,未記錄,未知,未記錄,Taiwan,GBIF
GBIF-5282376108,Sphagnum divinum,Sphagnum divinum,蘚類 Bryophyta,未知,未記錄,未知,未記錄,Taiwan,GBIF
GBIF-4522596766,Rhodobryum giganteum,Rhodobryum giganteum,蘚類 Bryophyta,未知,未記錄,未知,未記錄,Taiwan,GBIF
GBIF-4522636670,Rhodobryum giganteum,Rhodobryum giganteum,蘚類 Bryophyta,未知,未記錄,未知,未記錄,Taiwan,GBIF
GBIF-4525023957,Garovaglia elegans,Garovaglia elegans,蘚類 Bryophyta,未知,未記錄,未知,未記錄,Taichung,GBIF
GBIF-4525093835,Hookeria acutifolia,Hookeria acutifolia,蘚類 Bryophyta,未知,未記錄,未知,未記錄,Taiwan,GBIF
GBIF-4525120216,Rhodobryum giganteum,Rhodobryum giganteum,蘚類 Bryophyta,未知,未記錄,未知,未記錄,Taiwan,GBIF
GBIF-4525160633,Plagiomnium rostratum,Plagiomnium rostratum,蘚類 Bryophyta,未知,未記錄,未知,未記錄,Taiwan,GBIF
GBIF-4525196118,Aerobryopsis subdivergens,Aerobryopsis subdivergens,蘚類 Bryophyta,未知,未記錄,未知,未記錄,New Taipei,GBIF
GBIF-4535655825,Spiridens reinwardtii,Spiridens reinwardtii,蘚類 Bryophyta,未知,未記錄,未知,未記錄,Taiwan,GBIF
GBIF-4535846119,Sphagnum junghuhnianum,Sphagnum junghuhnianum,蘚類 Bryophyta,未知,未記錄,未知,未記錄,Taiwan,GBIF
GBIF-4535939280,Sphagnum junghuhnianum,Sphagnum junghuhnianum,蘚類 Bryophyta,未知,未記錄,未知,未記錄,Taiwan,GBIF
GBIF-4596870971,Spiridens reinwardtii,Spiridens reinwardtii,蘚類 Bryophyta,未知,未記錄,未知,未記錄,Taiwan,GBIF
GBIF-4599758358,Breutelia arundinifolia,Breutelia arundinifolia,蘚類 Bryophyta,未知,未記錄,未知,未記錄,Taiwan,GBIF
GBIF-4535864326,Sphagnum junghuhnianum,Sphagnum junghuhnianum,蘚類 Bryophyta,未知,未記錄,未知,未記錄,Taiwan,GBIF
GBIF-4597075151,Spiridens reinwardtii,Spiridens reinwardtii,蘚類 Bryophyta,未知,未記錄,未知,未記錄,Taiwan,GBIF
GBIF-4597131366,Rhodobryum giganteum,Rhodobryum giganteum,蘚類 Bryophyta,未知,未記錄,未知,未記錄,Taiwan,GBIF
GBIF-4600064845,Trematodon longicollis,Trematodon longicollis,蘚類 Bryophyta,未知,未記錄,未知,未記錄,Taipei,GBIF
GBIF-4600128802,Diphyscium fulvifolium,Diphyscium fulvifolium,蘚類 Bryophyta,未知,未記錄,未知,未記錄,Taipei,GBIF
GBIF-4606786063,Sphagnum junghuhnianum,Sphagnum junghuhnianum,蘚類 Bryophyta,未知,未記錄,未知,未記錄,Taiwan,GBIF
GBIF-4607016443,Pseudospiridentopsis horrida,Pseudospiridentopsis horrida,蘚類 Bryophyta,未知,未記錄,未知,未記錄,Taiwan,GBIF
GBIF-4607501174,Rosulabryum billardierei,Rosulabryum billardierei,蘚類 Bryophyta,未知,未記錄,未知,未記錄,Taiwan,GBIF
GBIF-4607526203,Rosulabryum billardierei,Rosulabryum billardierei,蘚類 Bryophyta,未知,未記錄,未知,未記錄,Taiwan,GBIF
GBIF-4607556956,Sphagnum junghuhnianum,Sphagnum junghuhnianum,蘚類 Bryophyta,未知,未記錄,未知,未記錄,Taiwan,GBIF
GBIF-4607154694,Rhodobryum giganteum,Rhodobryum giganteum,蘚類 Bryophyta,未知,未記錄,未知,未記錄,Taiwan,GBIF
GBIF-4607154895,Rhodobryum giganteum,Rhodobryum giganteum,蘚類 Bryophyta,未知,未記錄,未知,未記錄,Taiwan,GBIF
GBIF-4607622915,Rosulabryum billardierei,Rosulabryum billardierei,蘚類 Bryophyta,未知,未記錄,未知,未記錄,Taiwan,GBIF
GBIF-4846906588,Rhodobryum giganteum,Rhodobryum giganteum,蘚類 Bryophyta,未知,未記錄,未知,未記錄,Taiwan,GBIF
GBIF-4847255381,Rhodobryum giganteum,Rhodobryum giganteum,蘚類 Bryophyta,未知,未記錄,未知,未記錄,Taiwan,GBIF
GBIF-4852898362,Hylocomium splendens,Hylocomium splendens,蘚類 Bryophyta,未知,未記錄,未知,未記錄,Kaohsiung,GBIF
GBIF-4852973483,Racopilum cuspidigerum,Racopilum cuspidigerum,蘚類 Bryophyta,未知,未記錄,未知,未記錄,Taiwan,GBIF
GBIF-4853127228,Racopilum cuspidigerum,Racopilum cuspidigerum,蘚類 Bryophyta,未知,未記錄,未知,未記錄,Taiwan,GBIF
GBIF-4853147496,Spiridens reinwardtii,Spiridens reinwardtii,蘚類 Bryophyta,未知,未記錄,未知,未記錄,Taiwan,GBIF
GBIF-4855463151,Racopilum cuspidigerum,Racopilum cuspidigerum,蘚類 Bryophyta,未知,未記錄,未知,未記錄,Taiwan,GBIF
GBIF-5760498710,Racopilum cuspidigerum,Racopilum cuspidigerum,蘚類 Bryophyta,未知,未記錄,未知,未記錄,Taiwan,GBIF
GBIF-6234822963,Rhodobryum giganteum,Rhodobryum giganteum,蘚類 Bryophyta,未知,未記錄,未知,未記錄,Taiwan,GBIF
GBIF-4855041123,Rosulabryum billardierei,Rosulabryum billardierei,蘚類 Bryophyta,未知,未記錄,未知,未記錄,Taiwan,GBIF
GBIF-4855143182,Rhodobryum giganteum,Rhodobryum giganteum,蘚類 Bryophyta,未知,未記錄,未知,未記錄,Taiwan,GBIF
GBIF-4855149612,Rosulabryum billardierei,Rosulabryum billardierei,蘚類 Bryophyta,未知,未記錄,未知,未記錄,Taiwan,GBIF
GBIF-4867849735,Rhodobryum giganteum,Rhodobryum giganteum,蘚類 Bryophyta,未知,未記錄,未知,未記錄,Taiwan,GBIF
GBIF-4872202589,Rhodobryum giganteum,Rhodobryum giganteum,蘚類 Bryophyta,未知,未記錄,未知,未記錄,Taiwan,GBIF
GBIF-4872512456,Rhodobryum giganteum,Rhodobryum giganteum,蘚類 Bryophyta,未知,未記錄,未知,未記錄,Taiwan,GBIF
GBIF-4891717277,Racopilum cuspidigerum,Racopilum cuspidigerum,蘚類 Bryophyta,未知,未記錄,未知,未記錄,Taichung,GBIF
GBIF-4974195972,Rosulabryum billardierei,Rosulabryum billardierei,蘚類 Bryophyta,未知,未記錄,未知,未記錄,Taiwan,GBIF
GBIF-4875364518,Rosulabryum billardierei,Rosulabryum billardierei,蘚類 Bryophyta,未知,未記錄,未知,未記錄,Taichung,GBIF
GBIF-4875555147,Racopilum cuspidigerum,Racopilum cuspidigerum,蘚類 Bryophyta,未知,未記錄,未知,未記錄,Taiwan,GBIF
GBIF-4901102917,Rhodobryum giganteum,Rhodobryum giganteum,蘚類 Bryophyta,未知,未記錄,未知,未記錄,Taiwan,GBIF
GBIF-4901621541,Diphyscium fulvifolium,Diphyscium fulvifolium,蘚類 Bryophyta,未知,未記錄,未知,未記錄,Taiwan,GBIF
GBIF-4903906901,Rosulabryum billardierei,Rosulabryum billardierei,蘚類 Bryophyta,未知,未記錄,未知,未記錄,Taiwan,GBIF
GBIF-4904025062,Rosulabryum billardierei,Rosulabryum billardierei,蘚類 Bryophyta,未知,未記錄,未知,未記錄,Taiwan,GBIF
GBIF-4908172863,Octoblepharum albidum,Octoblepharum albidum,蘚類 Bryophyta,未知,未記錄,未知,未記錄,Taiwan,GBIF
GBIF-4908559577,Rhodobryum giganteum,Rhodobryum giganteum,蘚類 Bryophyta,未知,未記錄,未知,未記錄,Taiwan,GBIF
GBIF-4923579589,Rosulabryum billardierei,Rosulabryum billardierei,蘚類 Bryophyta,未知,未記錄,未知,未記錄,Taiwan,GBIF
GBIF-5069810284,Rhodobryum giganteum,Rhodobryum giganteum,蘚類 Bryophyta,未知,未記錄,未知,未記錄,Taiwan,GBIF
GBIF-4908148602,Rosulabryum billardierei,Rosulabryum billardierei,蘚類 Bryophyta,未知,未記錄,未知,未記錄,Taiwan,GBIF
GBIF-4908218415,Rhodobryum giganteum,Rhodobryum giganteum,蘚類 Bryophyta,未知,未記錄,未知,未記錄,Taiwan,GBIF
GBIF-4908228102,Sphagnum junghuhnianum,Sphagnum junghuhnianum,蘚類 Bryophyta,未知,未記錄,未知,未記錄,Taiwan,GBIF
GBIF-4908410853,Sphagnum junghuhnianum,Sphagnum junghuhnianum,蘚類 Bryophyta,未知,未記錄,未知,未記錄,Taiwan,GBIF
GBIF-4908487059,Hylocomium splendens,Hylocomium splendens,蘚類 Bryophyta,未知,未記錄,未知,未記錄,Taichung,GBIF
GBIF-4909297066,Hylocomium splendens,Hylocomium splendens,蘚類 Bryophyta,未知,未記錄,未知,未記錄,Taiwan,GBIF
GBIF-4909306724,Rosulabryum billardierei,Rosulabryum billardierei,蘚類 Bryophyta,未知,未記錄,未知,未記錄,Taiwan,GBIF
GBIF-4910683177,Pseudospiridentopsis horrida,Pseudospiridentopsis horrida,蘚類 Bryophyta,未知,未記錄,未知,未記錄,Taiwan,GBIF
GBIF-4919538218,Sphagnum junghuhnianum,Sphagnum junghuhnianum,蘚類 Bryophyta,未知,未記錄,未知,未記錄,Taiwan,GBIF
GBIF-4921647774,Rosulabryum billardierei,Rosulabryum billardierei,蘚類 Bryophyta,未知,未記錄,未知,未記錄,Taiwan,GBIF
GBIF-4923934399,Hylocomium splendens,Hylocomium splendens,蘚類 Bryophyta,未知,未記錄,未知,未記錄,Taiwan,GBIF
GBIF-4936539104,Hookeria acutifolia,Hookeria acutifolia,蘚類 Bryophyta,未知,未記錄,未知,未記錄,Taipei,GBIF
GBIF-4936858505,Rosulabryum billardierei,Rosulabryum billardierei,蘚類 Bryophyta,未知,未記錄,未知,未記錄,Taichung,GBIF
GBIF-4937203485,Racopilum cuspidigerum,Racopilum cuspidigerum,蘚類 Bryophyta,未知,未記錄,未知,未記錄,New Taipei,GBIF
GBIF-4945783170,Spiridens reinwardtii,Spiridens reinwardtii,蘚類 Bryophyta,未知,未記錄,未知,未記錄,Taiwan,GBIF
GBIF-6234359033,Rhodobryum giganteum,Rhodobryum giganteum,蘚類 Bryophyta,未知,未記錄,未知,未記錄,Taichung,GBIF
GBIF-4945535079,Rhodobryum giganteum,Rhodobryum giganteum,蘚類 Bryophyta,未知,未記錄,未知,未記錄,Taiwan,GBIF
GBIF-4946186209,Rosulabryum billardierei,Rosulabryum billardierei,蘚類 Bryophyta,未知,未記錄,未知,未記錄,Taiwan,GBIF
GBIF-4949926455,Rosulabryum billardierei,Rosulabryum billardierei,蘚類 Bryophyta,未知,未記錄,未知,未記錄,Taichung,GBIF
GBIF-4950518085,Sphagnum palustre,Sphagnum palustre,蘚類 Bryophyta,未知,未記錄,未知,未記錄,Taiwan,GBIF
GBIF-4952771093,Racopilum cuspidigerum,Racopilum cuspidigerum,蘚類 Bryophyta,未知,未記錄,未知,未記錄,Taipei,GBIF
GBIF-4952796886,Hyophila involuta,Hyophila involuta,蘚類 Bryophyta,未知,未記錄,未知,未記錄,Taipei,GBIF
GBIF-4974136434,Sphagnum junghuhnianum,Sphagnum junghuhnianum,蘚類 Bryophyta,未知,未記錄,未知,未記錄,Taiwan,GBIF
GBIF-4952553991,Rosulabryum billardierei,Rosulabryum billardierei,蘚類 Bryophyta,未知,未記錄,未知,未記錄,Taichung,GBIF
GBIF-4952970244,Rosulabryum billardierei,Rosulabryum billardierei,蘚類 Bryophyta,未知,未記錄,未知,未記錄,Taichung,GBIF
GBIF-4954260124,Racopilum cuspidigerum,Racopilum cuspidigerum,蘚類 Bryophyta,未知,未記錄,未知,未記錄,New Taipei,GBIF
GBIF-4954534707,Sphagnum junghuhnianum,Sphagnum junghuhnianum,蘚類 Bryophyta,未知,未記錄,未知,未記錄,Taichung,GBIF
GBIF-4973810819,Spiridens reinwardtii,Spiridens reinwardtii,蘚類 Bryophyta,未知,未記錄,未知,未記錄,Taiwan,GBIF
GBIF-4973825852,Octoblepharum albidum,Octoblepharum albidum,蘚類 Bryophyta,未知,未記錄,未知,未記錄,Taiwan,GBIF
GBIF-4973886463,Rhodobryum giganteum,Rhodobryum giganteum,蘚類 Bryophyta,未知,未記錄,未知,未記錄,Taichung,GBIF
GBIF-4974042894,Spiridens reinwardtii,Spiridens reinwardtii,蘚類 Bryophyta,未知,未記錄,未知,未記錄,Taiwan,GBIF
GBIF-4976523975,Octoblepharum albidum,Octoblepharum albidum,蘚類 Bryophyta,未知,未記錄,未知,未記錄,Taichung,GBIF
GBIF-4978194393,Rosulabryum billardierei,Rosulabryum billardierei,蘚類 Bryophyta,未知,未記錄,未知,未記錄,Taiwan,GBIF
GBIF-5037017226,Spiridens reinwardtii,Spiridens reinwardtii,蘚類 Bryophyta,未知,未記錄,未知,未記錄,Taiwan,GBIF
GBIF-5062799184,Racopilum cuspidigerum,Racopilum cuspidigerum,蘚類 Bryophyta,未知,未記錄,未知,未記錄,New Taipei,GBIF
GBIF-5062818293,Hylocomium splendens,Hylocomium splendens,蘚類 Bryophyta,未知,未記錄,未知,未記錄,Taichung,GBIF
GBIF-5062832171,Rhodobryum giganteum,Rhodobryum giganteum,蘚類 Bryophyta,未知,未記錄,未知,未記錄,Taiwan,GBIF
GBIF-4980259656,Hyophila involuta,Hyophila involuta,蘚類 Bryophyta,未知,未記錄,未知,未記錄,Taiwan,GBIF
GBIF-4980290253,Hookeria acutifolia,Hookeria acutifolia,蘚類 Bryophyta,未知,未記錄,未知,未記錄,Taiwan,GBIF
GBIF-4982109411,Racopilum cuspidigerum,Racopilum cuspidigerum,蘚類 Bryophyta,未知,未記錄,未知,未記錄,Taiwan,GBIF
GBIF-4982258156,Rosulabryum billardierei,Rosulabryum billardierei,蘚類 Bryophyta,未知,未記錄,未知,未記錄,Taiwan,GBIF
GBIF-4982381324,Hookeria acutifolia,Hookeria acutifolia,蘚類 Bryophyta,未知,未記錄,未知,未記錄,New Taipei,GBIF
GBIF-5938121148,Cyperus luzulae,Cyperus luzulae,角苔類 Anthocerotophyta,未知,未記錄,未知,未記錄,Taiwan,GBIF
GBIF-5938194549,Carex baccans,Carex baccans,角苔類 Anthocerotophyta,未知,未記錄,未知,未記錄,Taichung,GBIF
GBIF-5938203570,Cyperus iria,Cyperus iria,角苔類 Anthocerotophyta,未知,未記錄,未知,未記錄,Taipei,GBIF
GBIF-5938229260,Carex baccans,Carex baccans,角苔類 Anthocerotophyta,未知,未記錄,未知,未記錄,Kaohsiung,GBIF
GBIF-5938279895,Cyperus pilosus,Cyperus pilosus,角苔類 Anthocerotophyta,未知,未記錄,未知,未記錄,Taiwan,GBIF
GBIF-5938286155,Carex baccans,Carex baccans,角苔類 Anthocerotophyta,未知,未記錄,未知,未記錄,Taiwan,GBIF
GBIF-5938292640,Carex baccans,Carex baccans,角苔類 Anthocerotophyta,未知,未記錄,未知,未記錄,Taiwan,GBIF
GBIF-5938311957,Carex baccans,Carex baccans,角苔類 Anthocerotophyta,未知,未記錄,未知,未記錄,Taiwan,GBIF
GBIF-5938325230,Cyperus aromaticus,Cyperus aromaticus,角苔類 Anthocerotophyta,未知,未記錄,未知,未記錄,Taiwan,GBIF
GBIF-5938327457,Schoenoplectiella mucronata,Schoenoplectiella mucronata,角苔類 Anthocerotophyta,未知,未記錄,未知,未記錄,New Taipei,GBIF
GBIF-5938377293,Cyperus odoratus,Cyperus odoratus,角苔類 Anthocerotophyta,未知,未記錄,未知,未記錄,Taiwan,GBIF
GBIF-5938437903,Scirpus ternatanus,Scirpus ternatanus,角苔類 Anthocerotophyta,未知,未記錄,未知,未記錄,Taiwan,GBIF
GBIF-5938442854,Carex baccans,Carex baccans,角苔類 Anthocerotophyta,未知,未記錄,未知,未記錄,Taiwan,GBIF
GBIF-5938445228,Cyperus alternifolius,Cyperus alternifolius,角苔類 Anthocerotophyta,未知,未記錄,未知,未記錄,Taipei,GBIF
GBIF-5938462972,Cyperus alternifolius,Cyperus alternifolius,角苔類 Anthocerotophyta,未知,未記錄,未知,未記錄,Kaohsiung,GBIF
GBIF-5938467552,Carex baccans,Carex baccans,角苔類 Anthocerotophyta,未知,未記錄,未知,未記錄,Taiwan,GBIF
GBIF-5938477594,Carex baccans,Carex baccans,角苔類 Anthocerotophyta,未知,未記錄,未知,未記錄,Taipei,GBIF
GBIF-5938480131,Scirpus ternatanus,Scirpus ternatanus,角苔類 Anthocerotophyta,未知,未記錄,未知,未記錄,Taiwan,GBIF
GBIF-5938485497,Scleria levis,Scleria levis,角苔類 Anthocerotophyta,未知,未記錄,未知,未記錄,Taiwan,GBIF
GBIF-5938497844,Cyperus imbricatus,Cyperus imbricatus,角苔類 Anthocerotophyta,未知,未記錄,未知,未記錄,Taiwan,GBIF
GBIF-5938519578,Cyperus mindorensis,Cyperus mindorensis,角苔類 Anthocerotophyta,未知,未記錄,未知,未記錄,Kaohsiung,GBIF
GBIF-5938669737,Cyperus alternifolius,Cyperus alternifolius,角苔類 Anthocerotophyta,未知,未記錄,未知,未記錄,Taiwan,GBIF
GBIF-5938673394,Carex doniana,Carex doniana,角苔類 Anthocerotophyta,未知,未記錄,未知,未記錄,Taiwan,GBIF
GBIF-5938675386,Fimbristylis littoralis,Fimbristylis littoralis,角苔類 Anthocerotophyta,未知,未記錄,未知,未記錄,Taiwan,GBIF
GBIF-5938687055,Carex baccans,Carex baccans,角苔類 Anthocerotophyta,未知,未記錄,未知,未記錄,Tainan,GBIF
GBIF-5938698550,Carex baccans,Carex baccans,角苔類 Anthocerotophyta,未知,未記錄,未知,未記錄,Taiwan,GBIF
GBIF-5938701511,Carex baccans,Carex baccans,角苔類 Anthocerotophyta,未知,未記錄,未知,未記錄,Taiwan,GBIF
GBIF-6129832108,Eleocharis dulcis,Eleocharis dulcis,角苔類 Anthocerotophyta,未知,未記錄,未知,未記錄,New Taipei,GBIF
GBIF-6129837458,Fimbristylis dichotoma,Fimbristylis dichotoma,角苔類 Anthocerotophyta,未知,未記錄,未知,未記錄,New Taipei,GBIF
GBIF-6129850225,Fimbristylis littoralis,Fimbristylis littoralis,角苔類 Anthocerotophyta,未知,未記錄,未知,未記錄,Kaohsiung,GBIF
GBIF-6129858840,Carex baccans,Carex baccans,角苔類 Anthocerotophyta,未知,未記錄,未知,未記錄,Taiwan,GBIF
GBIF-6129925412,Eleocharis dulcis,Eleocharis dulcis,角苔類 Anthocerotophyta,未知,未記錄,未知,未記錄,Fujian,GBIF
GBIF-6129937988,Cyperus difformis,Cyperus difformis,角苔類 Anthocerotophyta,未知,未記錄,未知,未記錄,Kaohsiung,GBIF
GBIF-6129949806,Carex gentilis,Carex gentilis,角苔類 Anthocerotophyta,未知,未記錄,未知,未記錄,Taichung,GBIF
GBIF-6129974962,Carex baccans,Carex baccans,角苔類 Anthocerotophyta,未知,未記錄,未知,未記錄,Taipei,GBIF
GBIF-6130031757,Carex baccans,Carex baccans,角苔類 Anthocerotophyta,未知,未記錄,未知,未記錄,Kaohsiung,GBIF
GBIF-6130040315,Eleocharis geniculata,Eleocharis geniculata,角苔類 Anthocerotophyta,未知,未記錄,未知,未記錄,Tainan,GBIF
GBIF-6130065351,Carex baccans,Carex baccans,角苔類 Anthocerotophyta,未知,未記錄,未知,未記錄,Taiwan,GBIF
GBIF-6130070439,Fimbristylis polytrichoides,Fimbristylis polytrichoides,角苔類 Anthocerotophyta,未知,未記錄,未知,未記錄,Taiwan,GBIF
GBIF-6130095494,Cyperus alternifolius,Cyperus alternifolius,角苔類 Anthocerotophyta,未知,未記錄,未知,未記錄,Taichung,GBIF
GBIF-6130103611,Carex baccans,Carex baccans,角苔類 Anthocerotophyta,未知,未記錄,未知,未記錄,Taipei,GBIF
GBIF-6130141406,Carex baccans,Carex baccans,角苔類 Anthocerotophyta,未知,未記錄,未知,未記錄,New Taipei,GBIF
GBIF-6130150841,Cyperus alternifolius,Cyperus alternifolius,角苔類 Anthocerotophyta,未知,未記錄,未知,未記錄,Taiwan,GBIF
GBIF-6130160146,Cyperus surinamensis,Cyperus surinamensis,角苔類 Anthocerotophyta,未知,未記錄,未知,未記錄,Kaohsiung,GBIF
GBIF-6130165559,Carex baccans,Carex baccans,角苔類 Anthocerotophyta,未知,未記錄,未知,未記錄,Taichung,GBIF
GBIF-6130219974,Gahnia tristis,Gahnia tristis,角苔類 Anthocerotophyta,未知,未記錄,未知,未記錄,Taipei,GBIF
GBIF-6130228379,Cyperus imbricatus,Cyperus imbricatus,角苔類 Anthocerotophyta,未知,未記錄,未知,未記錄,Kaohsiung,GBIF
GBIF-6130288252,Gahnia tristis,Gahnia tristis,角苔類 Anthocerotophyta,未知,未記錄,未知,未記錄,Taiwan,GBIF
GBIF-6130297764,Carex baccans,Carex baccans,角苔類 Anthocerotophyta,未知,未記錄,未知,未記錄,Taiwan,GBIF
GBIF-6130328354,Schoenoplectus tabernaemontani,Schoenoplectus tabernaemontani,角苔類 Anthocerotophyta,未知,未記錄,未知,未記錄,Taiwan,GBIF
GBIF-6130395121,Carex baccans,Carex baccans,角苔類 Anthocerotophyta,未知,未記錄,未知,未記錄,Taiwan,GBIF
GBIF-6130477664,Carex cruciata,Carex cruciata,角苔類 Anthocerotophyta,未知,未記錄,未知,未記錄,New Taipei,GBIF
GBIF-6130532531,Carex baccans,Carex baccans,角苔類 Anthocerotophyta,未知,未記錄,未知,未記錄,New Taipei,GBIF
GBIF-6130566844,Hypolytrum nemorum,Hypolytrum nemorum,角苔類 Anthocerotophyta,未知,未記錄,未知,未記錄,New Taipei,GBIF
GBIF-6130599131,Cyperus michelianus,Cyperus michelianus,角苔類 Anthocerotophyta,未知,未記錄,未知,未記錄,Kaohsiung,GBIF
GBIF-6130607030,Cyperus distans,Cyperus distans,角苔類 Anthocerotophyta,未知,未記錄,未知,未記錄,Taiwan,GBIF
GBIF-6130633789,Fimbristylis aestivalis,Fimbristylis aestivalis,角苔類 Anthocerotophyta,未知,未記錄,未知,未記錄,Kaohsiung,GBIF
GBIF-6130690769,Fimbristylis bisumbellata,Fimbristylis bisumbellata,角苔類 Anthocerotophyta,未知,未記錄,未知,未記錄,Kaohsiung,GBIF
GBIF-6130708375,Cyperus javanicus,Cyperus javanicus,角苔類 Anthocerotophyta,未知,未記錄,未知,未記錄,Taiwan,GBIF
GBIF-6130738431,Hypolytrum nemorum,Hypolytrum nemorum,角苔類 Anthocerotophyta,未知,未記錄,未知,未記錄,Taipei,GBIF
GBIF-6130774561,Carex baccans,Carex baccans,角苔類 Anthocerotophyta,未知,未記錄,未知,未記錄,Kaohsiung,GBIF
GBIF-6130782416,Carex cruciata,Carex cruciata,角苔類 Anthocerotophyta,未知,未記錄,未知,未記錄,New Taipei,GBIF
GBIF-6130834471,Carex cruciata,Carex cruciata,角苔類 Anthocerotophyta,未知,未記錄,未知,未記錄,Taipei,GBIF
GBIF-6130835013,Scirpus ternatanus,Scirpus ternatanus,角苔類 Anthocerotophyta,未知,未記錄,未知,未記錄,Taiwan,GBIF
GBIF-6130842430,Fimbristylis littoralis,Fimbristylis littoralis,角苔類 Anthocerotophyta,未知,未記錄,未知,未記錄,Kaohsiung,GBIF
GBIF-6130914034,Cyperus michelianus,Cyperus michelianus,角苔類 Anthocerotophyta,未知,未記錄,未知,未記錄,Kaohsiung,GBIF
GBIF-6130934393,Cyperus serotinus,Cyperus serotinus,角苔類 Anthocerotophyta,未知,未記錄,未知,未記錄,Taiwan,GBIF
GBIF-6131029304,Cyperus alternifolius,Cyperus alternifolius,角苔類 Anthocerotophyta,未知,未記錄,未知,未記錄,Tainan,GBIF
GBIF-6131059583,Cyperus alternifolius,Cyperus alternifolius,角苔類 Anthocerotophyta,未知,未記錄,未知,未記錄,Fujian,GBIF
GBIF-6131064769,Cyperus odoratus,Cyperus odoratus,角苔類 Anthocerotophyta,未知,未記錄,未知,未記錄,Kaohsiung,GBIF
GBIF-6131082271,Carex baccans,Carex baccans,角苔類 Anthocerotophyta,未知,未記錄,未知,未記錄,New Taipei,GBIF
GBIF-6131114428,Cyperus alternifolius,Cyperus alternifolius,角苔類 Anthocerotophyta,未知,未記錄,未知,未記錄,Taiwan,GBIF
GBIF-6131156650,Cyperus imbricatus,Cyperus imbricatus,角苔類 Anthocerotophyta,未知,未記錄,未知,未記錄,Kaohsiung,GBIF
GBIF-6131176383,Carex pumila,Carex pumila,角苔類 Anthocerotophyta,未知,未記錄,未知,未記錄,New Taipei,GBIF
GBIF-6131193853,Cyperus compressus,Cyperus compressus,角苔類 Anthocerotophyta,未知,未記錄,未知,未記錄,Taiwan,GBIF
GBIF-6131197121,Cyperus imbricatus,Cyperus imbricatus,角苔類 Anthocerotophyta,未知,未記錄,未知,未記錄,Kaohsiung,GBIF
GBIF-6131207958,Cyperus alternifolius,Cyperus alternifolius,角苔類 Anthocerotophyta,未知,未記錄,未知,未記錄,Taiwan,GBIF
GBIF-6131273883,Cyperus haspan,Cyperus haspan,角苔類 Anthocerotophyta,未知,未記錄,未知,未記錄,Taiwan,GBIF
GBIF-6131298686,Carex baccans,Carex baccans,角苔類 Anthocerotophyta,未知,未記錄,未知,未記錄,Taiwan,GBIF
GBIF-6131308948,Eleocharis geniculata,Eleocharis geniculata,角苔類 Anthocerotophyta,未知,未記錄,未知,未記錄,Taiwan,GBIF
GBIF-6131318450,Cyperus odoratus,Cyperus odoratus,角苔類 Anthocerotophyta,未知,未記錄,未知,未記錄,Kaohsiung,GBIF
GBIF-6131324381,Carex brunnea,Carex brunnea,角苔類 Anthocerotophyta,未知,未記錄,未知,未記錄,Taiwan,GBIF
GBIF-6131339669,Carex sociata,Carex sociata,角苔類 Anthocerotophyta,未知,未記錄,未知,未記錄,Taiwan,GBIF
GBIF-6131349201,Gahnia tristis,Gahnia tristis,角苔類 Anthocerotophyta,未知,未記錄,未知,未記錄,Taipei,GBIF
GBIF-6131353253,Carex baccans,Carex baccans,角苔類 Anthocerotophyta,未知,未記錄,未知,未記錄,Taiwan,GBIF
GBIF-6131400664,Cyperus pilosus,Cyperus pilosus,角苔類 Anthocerotophyta,未知,未記錄,未知,未記錄,Taiwan,GBIF
GBIF-6131420720,Carex baccans,Carex baccans,角苔類 Anthocerotophyta,未知,未記錄,未知,未記錄,Taiwan,GBIF
GBIF-6131423421,Eleocharis geniculata,Eleocharis geniculata,角苔類 Anthocerotophyta,未知,未記錄,未知,未記錄,Taiwan,GBIF
GBIF-6131464388,Carex baccans,Carex baccans,角苔類 Anthocerotophyta,未知,未記錄,未知,未記錄,Kaohsiung,GBIF
GBIF-6131532426,Carex pumila,Carex pumila,角苔類 Anthocerotophyta,未知,未記錄,未知,未記錄,New Taipei,GBIF
GBIF-6131537496,Scleria terrestris,Scleria terrestris,角苔類 Anthocerotophyta,未知,未記錄,未知,未記錄,New Taipei,GBIF
GBIF-6131553285,Hypolytrum nemorum,Hypolytrum nemorum,角苔類 Anthocerotophyta,未知,未記錄,未知,未記錄,Taipei,GBIF
GBIF-6131575606,Cyperus eragrostis,Cyperus eragrostis,角苔類 Anthocerotophyta,未知,未記錄,未知,未記錄,New Taipei,GBIF
GBIF-6131624557,Carex baccans,Carex baccans,角苔類 Anthocerotophyta,未知,未記錄,未知,未記錄,Taiwan,GBIF
GBIF-6133079655,Cyperus odoratus,Cyperus odoratus,角苔類 Anthocerotophyta,未知,未記錄,未知,未記錄,Taiwan,GBIF
GBIF-6133144318,Carex baccans,Carex baccans,角苔類 Anthocerotophyta,未知,未記錄,未知,未記錄,New Taipei,GBIF
GBIF-6133152708,Carex orthostemon,Carex orthostemon,角苔類 Anthocerotophyta,未知,未記錄,未知,未記錄,Taiwan,GBIF
GBIF-6133182867,Cyperus prolifer,Cyperus prolifer,角苔類 Anthocerotophyta,未知,未記錄,未知,未記錄,Taiwan,GBIF
GBIF-6133200032,Cyperus imbricatus,Cyperus imbricatus,角苔類 Anthocerotophyta,未知,未記錄,未知,未記錄,Tainan,GBIF
GBIF-6133209085,Cyperus alternifolius,Cyperus alternifolius,角苔類 Anthocerotophyta,未知,未記錄,未知,未記錄,Kaohsiung,GBIF
GBIF-6133250275,Cyperus alternifolius,Cyperus alternifolius,角苔類 Anthocerotophyta,未知,未記錄,未知,未記錄,Taipei,GBIF
GBIF-6133274910,Cyperus mindorensis,Cyperus mindorensis,角苔類 Anthocerotophyta,未知,未記錄,未知,未記錄,New Taipei,GBIF
GBIF-6133320340,Cyperus alternifolius,Cyperus alternifolius,角苔類 Anthocerotophyta,未知,未記錄,未知,未記錄,Taipei,GBIF
GBIF-6133321619,Fimbristylis aestivalis,Fimbristylis aestivalis,角苔類 Anthocerotophyta,未知,未記錄,未知,未記錄,Taipei,GBIF
GBIF-6133332993,Cyperus imbricatus,Cyperus imbricatus,角苔類 Anthocerotophyta,未知,未記錄,未知,未記錄,Tainan,GBIF
GBIF-6133345851,Cyperus alternifolius,Cyperus alternifolius,角苔類 Anthocerotophyta,未知,未記錄,未知,未記錄,Taipei,GBIF
GBIF-6133360482,Cyperus odoratus,Cyperus odoratus,角苔類 Anthocerotophyta,未知,未記錄,未知,未記錄,Tainan,GBIF
GBIF-6133378446,Cyperus pilosus,Cyperus pilosus,角苔類 Anthocerotophyta,未知,未記錄,未知,未記錄,Taichung,GBIF
GBIF-6133390761,Cyperus iria,Cyperus iria,角苔類 Anthocerotophyta,未知,未記錄,未知,未記錄,Tainan,GBIF
GBIF-6133421477,Cyperus rotundus,Cyperus rotundus,角苔類 Anthocerotophyta,未知,未記錄,未知,未記錄,Tainan,GBIF
GBIF-6133423319,Cyperus odoratus,Cyperus odoratus,角苔類 Anthocerotophyta,未知,未記錄,未知,未記錄,Tainan,GBIF
GBIF-6133431420,Scleria terrestris,Scleria terrestris,角苔類 Anthocerotophyta,未知,未記錄,未知,未記錄,New Taipei,GBIF
GBIF-6133479568,Carex baccans,Carex baccans,角苔類 Anthocerotophyta,未知,未記錄,未知,未記錄,Taiwan,GBIF
GBIF-6133534658,Fimbristylis squarrosa,Fimbristylis squarrosa,角苔類 Anthocerotophyta,未知,未記錄,未知,未記錄,Taiwan,GBIF
GBIF-6133561412,Carex baccans,Carex baccans,角苔類 Anthocerotophyta,未知,未記錄,未知,未記錄,Taiwan,GBIF
GBIF-6147183605,Cyperus alternifolius,Cyperus alternifolius,角苔類 Anthocerotophyta,未知,未記錄,未知,未記錄,Kaohsiung,GBIF
GBIF-6147223061,Cyperus cyperoides,Cyperus cyperoides,角苔類 Anthocerotophyta,未知,未記錄,未知,未記錄,Taiwan,GBIF
GBIF-6147235979,Cyperus odoratus,Cyperus odoratus,角苔類 Anthocerotophyta,未知,未記錄,未知,未記錄,Taiwan,GBIF
GBIF-6147297033,Cyperus alternifolius,Cyperus alternifolius,角苔類 Anthocerotophyta,未知,未記錄,未知,未記錄,Taiwan,GBIF
GBIF-6147303357,Cyperus alternifolius,Cyperus alternifolius,角苔類 Anthocerotophyta,未知,未記錄,未知,未記錄,Taipei,GBIF
GBIF-6147395372,Cyperus surinamensis,Cyperus surinamensis,角苔類 Anthocerotophyta,未知,未記錄,未知,未記錄,New Taipei,GBIF
GBIF-6147418985,Cyperus haspan,Cyperus haspan,角苔類 Anthocerotophyta,未知,未記錄,未知,未記錄,Taiwan,GBIF
GBIF-6147431151,Cyperus odoratus,Cyperus odoratus,角苔類 Anthocerotophyta,未知,未記錄,未知,未記錄,Kaohsiung,GBIF
GBIF-6147443815,Cyperus alternifolius,Cyperus alternifolius,角苔類 Anthocerotophyta,未知,未記錄,未知,未記錄,Tainan,GBIF
GBIF-6147540620,Cyperus alternifolius,Cyperus alternifolius,角苔類 Anthocerotophyta,未知,未記錄,未知,未記錄,Kaohsiung,GBIF
GBIF-6147620862,Cyperus alternifolius,Cyperus alternifolius,角苔類 Anthocerotophyta,未知,未記錄,未知,未記錄,Taiwan,GBIF
GBIF-6147713543,Cyperus brevifolius,Cyperus brevifolius,角苔類 Anthocerotophyta,未知,未記錄,未知,未記錄,Tainan,GBIF
GBIF-6185048778,Cyperus alternifolius,Cyperus alternifolius,角苔類 Anthocerotophyta,未知,未記錄,未知,未記錄,Taichung,GBIF
GBIF-6185181495,Cyperus malaccensis,Cyperus malaccensis,角苔類 Anthocerotophyta,未知,未記錄,未知,未記錄,New Taipei,GBIF
GBIF-6185497647,Cyperus difformis,Cyperus difformis,角苔類 Anthocerotophyta,未知,未記錄,未知,未記錄,Taiwan,GBIF
GBIF-6185693117,Gahnia tristis,Gahnia tristis,角苔類 Anthocerotophyta,未知,未記錄,未知,未記錄,Taipei,GBIF
GBIF-6185876822,Cyperus iria,Cyperus iria,角苔類 Anthocerotophyta,未知,未記錄,未知,未記錄,Taiwan,GBIF
GBIF-6186017023,Cyperus cyperoides,Cyperus cyperoides,角苔類 Anthocerotophyta,未知,未記錄,未知,未記錄,Taiwan,GBIF
GBIF-6188044012,Cyperus pilosus,Cyperus pilosus,角苔類 Anthocerotophyta,未知,未記錄,未知,未記錄,New Taipei,GBIF
GBIF-6188225628,Cyperus alternifolius,Cyperus alternifolius,角苔類 Anthocerotophyta,未知,未記錄,未知,未記錄,Taichung,GBIF
GBIF-6188579252,Carex baccans,Carex baccans,角苔類 Anthocerotophyta,未知,未記錄,未知,未記錄,Taiwan,GBIF
GBIF-6252987464,Fimbristylis sericea,Fimbristylis sericea,角苔類 Anthocerotophyta,未知,未記錄,未知,未記錄,New Taipei,GBIF
GBIF-6133108249,Cyperus rotundus,Cyperus rotundus,角苔類 Anthocerotophyta,未知,未記錄,未知,未記錄,New Taipei,GBIF
GBIF-6133211813,Cyperus polystachyos,Cyperus polystachyos,角苔類 Anthocerotophyta,未知,未記錄,未知,未記錄,New Taipei,GBIF
GBIF-6133304991,Cladium mariscus,Cladium mariscus,角苔類 Anthocerotophyta,未知,未記錄,未知,未記錄,Taiwan,GBIF
GBIF-6147222513,Cyperus difformis,Cyperus difformis,角苔類 Anthocerotophyta,未知,未記錄,未知,未記錄,Kaohsiung,GBIF
GBIF-6147253394,Cyperus imbricatus,Cyperus imbricatus,角苔類 Anthocerotophyta,未知,未記錄,未知,未記錄,Taiwan,GBIF
GBIF-6147305179,Cyperus alternifolius,Cyperus alternifolius,角苔類 Anthocerotophyta,未知,未記錄,未知,未記錄,Taiwan,GBIF
GBIF-6147329154,Carex leucochlora,Carex leucochlora,角苔類 Anthocerotophyta,未知,未記錄,未知,未記錄,Taipei,GBIF
GBIF-6147404363,Cyperus alternifolius,Cyperus alternifolius,角苔類 Anthocerotophyta,未知,未記錄,未知,未記錄,Taipei,GBIF
GBIF-6147410119,Cyperus odoratus,Cyperus odoratus,角苔類 Anthocerotophyta,未知,未記錄,未知,未記錄,Taiwan,GBIF
GBIF-6147417117,Schoenoplectiella juncoides,Schoenoplectiella juncoides,角苔類 Anthocerotophyta,未知,未記錄,未知,未記錄,Taiwan,GBIF
GBIF-6147438485,Cyperus odoratus,Cyperus odoratus,角苔類 Anthocerotophyta,未知,未記錄,未知,未記錄,Taiwan,GBIF
GBIF-6147447533,Carex baccans,Carex baccans,角苔類 Anthocerotophyta,未知,未記錄,未知,未記錄,Taiwan,GBIF
GBIF-6147483449,Cyperus surinamensis,Cyperus surinamensis,角苔類 Anthocerotophyta,未知,未記錄,未知,未記錄,Taiwan,GBIF
GBIF-6147523752,Fuirena umbellata,Fuirena umbellata,角苔類 Anthocerotophyta,未知,未記錄,未知,未記錄,Taiwan,GBIF
GBIF-6147540651,Cyperus eragrostis,Cyperus eragrostis,角苔類 Anthocerotophyta,未知,未記錄,未知,未記錄,New Taipei,GBIF
GBIF-6147547986,Cyperus iria,Cyperus iria,角苔類 Anthocerotophyta,未知,未記錄,未知,未記錄,Taiwan,GBIF
GBIF-6147555857,Cyperus alternifolius,Cyperus alternifolius,角苔類 Anthocerotophyta,未知,未記錄,未知,未記錄,Kaohsiung,GBIF
GBIF-6147570630,Cyperus rotundus,Cyperus rotundus,角苔類 Anthocerotophyta,未知,未記錄,未知,未記錄,Taiwan,GBIF
GBIF-6147655898,Cyperus difformis,Cyperus difformis,角苔類 Anthocerotophyta,未知,未記錄,未知,未記錄,Taiwan,GBIF
GBIF-6159144680,Cyperus alternifolius,Cyperus alternifolius,角苔類 Anthocerotophyta,未知,未記錄,未知,未記錄,Taiwan,GBIF
GBIF-6159152657,Cyperus diffusus,Cyperus diffusus,角苔類 Anthocerotophyta,未知,未記錄,未知,未記錄,Taiwan,GBIF
GBIF-6159168205,Cyperus alternifolius,Cyperus alternifolius,角苔類 Anthocerotophyta,未知,未記錄,未知,未記錄,Taipei,GBIF
GBIF-6159187491,Cyperus mindorensis,Cyperus mindorensis,角苔類 Anthocerotophyta,未知,未記錄,未知,未記錄,Taiwan,GBIF
GBIF-6159277409,Cyperus alternifolius,Cyperus alternifolius,角苔類 Anthocerotophyta,未知,未記錄,未知,未記錄,Taiwan,GBIF
GBIF-6159370682,Cyperus diffusus,Cyperus diffusus,角苔類 Anthocerotophyta,未知,未記錄,未知,未記錄,Taiwan,GBIF
GBIF-6159397459,Cyperus polystachyos,Cyperus polystachyos,角苔類 Anthocerotophyta,未知,未記錄,未知,未記錄,Taiwan,GBIF
GBIF-6159436688,Cyperus alternifolius,Cyperus alternifolius,角苔類 Anthocerotophyta,未知,未記錄,未知,未記錄,Taiwan,GBIF
GBIF-6159471727,Cyperus alternifolius,Cyperus alternifolius,角苔類 Anthocerotophyta,未知,未記錄,未知,未記錄,Taiwan,GBIF
GBIF-6159471766,Cyperus alternifolius,Cyperus alternifolius,角苔類 Anthocerotophyta,未知,未記錄,未知,未記錄,Taipei,GBIF
GBIF-6159494249,Cyperus eragrostis,Cyperus eragrostis,角苔類 Anthocerotophyta,未知,未記錄,未知,未記錄,Taipei,GBIF
GBIF-6159513160,Carex baccans,Carex baccans,角苔類 Anthocerotophyta,未知,未記錄,未知,未記錄,Taiwan,GBIF
GBIF-6159521631,Cyperus alternifolius,Cyperus alternifolius,角苔類 Anthocerotophyta,未知,未記錄,未知,未記錄,Taipei,GBIF
GBIF-6159601219,Cyperus alternifolius,Cyperus alternifolius,角苔類 Anthocerotophyta,未知,未記錄,未知,未記錄,Kaohsiung,GBIF
GBIF-6159640706,Cyperus alternifolius,Cyperus alternifolius,角苔類 Anthocerotophyta,未知,未記錄,未知,未記錄,Taipei,GBIF
GBIF-6159710667,Cyperus rotundus,Cyperus rotundus,角苔類 Anthocerotophyta,未知,未記錄,未知,未記錄,Tainan,GBIF
GBIF-6162769166,Carex baccans,Carex baccans,角苔類 Anthocerotophyta,未知,未記錄,未知,未記錄,New Taipei,GBIF
GBIF-6162898394,Cyperus alternifolius,Cyperus alternifolius,角苔類 Anthocerotophyta,未知,未記錄,未知,未記錄,Taiwan,GBIF
GBIF-6162979718,Cyperus alternifolius,Cyperus alternifolius,角苔類 Anthocerotophyta,未知,未記錄,未知,未記錄,New Taipei,GBIF
GBIF-6162984876,Cyperus cyperoides,Cyperus cyperoides,角苔類 Anthocerotophyta,未知,未記錄,未知,未記錄,Taiwan,GBIF
GBIF-6163009876,Carex baccans,Carex baccans,角苔類 Anthocerotophyta,未知,未記錄,未知,未記錄,Taiwan,GBIF
GBIF-6163034998,Fimbristylis macassarensis,Fimbristylis macassarensis,角苔類 Anthocerotophyta,未知,未記錄,未知,未記錄,Taiwan,GBIF
GBIF-6163227096,Cyperus mindorensis,Cyperus mindorensis,角苔類 Anthocerotophyta,未知,未記錄,未知,未記錄,Taiwan,GBIF
GBIF-6170827163,Carex baccans,Carex baccans,角苔類 Anthocerotophyta,未知,未記錄,未知,未記錄,Taiwan,GBIF
GBIF-6170879504,Cyperus alternifolius,Cyperus alternifolius,角苔類 Anthocerotophyta,未知,未記錄,未知,未記錄,Taiwan,GBIF
GBIF-6170911996,Carex tristachya,Carex tristachya,角苔類 Anthocerotophyta,未知,未記錄,未知,未記錄,Taipei,GBIF
GBIF-6170938026,Cyperus alternifolius,Cyperus alternifolius,角苔類 Anthocerotophyta,未知,未記錄,未知,未記錄,Tainan,GBIF
GBIF-6170941760,Carex sociata,Carex sociata,角苔類 Anthocerotophyta,未知,未記錄,未知,未記錄,New Taipei,GBIF
GBIF-6170962934,Cyperus serotinus,Cyperus serotinus,角苔類 Anthocerotophyta,未知,未記錄,未知,未記錄,Taiwan,GBIF
GBIF-6171053722,Carex brunnea,Carex brunnea,角苔類 Anthocerotophyta,未知,未記錄,未知,未記錄,Taiwan,GBIF
GBIF-6171103895,Scleria terrestris,Scleria terrestris,角苔類 Anthocerotophyta,未知,未記錄,未知,未記錄,New Taipei,GBIF
GBIF-6171107180,Cyperus alternifolius,Cyperus alternifolius,角苔類 Anthocerotophyta,未知,未記錄,未知,未記錄,Taiwan,GBIF
GBIF-6171128998,Cyperus alternifolius,Cyperus alternifolius,角苔類 Anthocerotophyta,未知,未記錄,未知,未記錄,Taiwan,GBIF
GBIF-6171203531,Carex sociata,Carex sociata,角苔類 Anthocerotophyta,未知,未記錄,未知,未記錄,New Taipei,GBIF
GBIF-6171210586,Carex brunnea,Carex brunnea,角苔類 Anthocerotophyta,未知,未記錄,未知,未記錄,Taipei,GBIF
GBIF-6171227168,Schoenoplectus tabernaemontani,Schoenoplectus tabernaemontani,角苔類 Anthocerotophyta,未知,未記錄,未知,未記錄,Taichung,GBIF
GBIF-6171281389,Cyperus brevifolius,Cyperus brevifolius,角苔類 Anthocerotophyta,未知,未記錄,未知,未記錄,Taiwan,GBIF
GBIF-6171315232,Carex baccans,Carex baccans,角苔類 Anthocerotophyta,未知,未記錄,未知,未記錄,Taiwan,GBIF
GBIF-6171345454,Carex sociata,Carex sociata,角苔類 Anthocerotophyta,未知,未記錄,未知,未記錄,Taipei,GBIF
GBIF-6171361397,Carex dolichostachya,Carex dolichostachya,角苔類 Anthocerotophyta,未知,未記錄,未知,未記錄,Taiwan,GBIF
GBIF-6171366390,Cyperus brevifolius,Cyperus brevifolius,角苔類 Anthocerotophyta,未知,未記錄,未知,未記錄,Tainan,GBIF
GBIF-6171413554,Cyperus alternifolius,Cyperus alternifolius,角苔類 Anthocerotophyta,未知,未記錄,未知,未記錄,Taichung,GBIF
GBIF-6171419448,Cyperus alternifolius,Cyperus alternifolius,角苔類 Anthocerotophyta,未知,未記錄,未知,未記錄,Kaohsiung,GBIF
GBIF-6178307424,Carex baccans,Carex baccans,角苔類 Anthocerotophyta,未知,未記錄,未知,未記錄,Taiwan,GBIF
GBIF-6178320554,Carex leucochlora,Carex leucochlora,角苔類 Anthocerotophyta,未知,未記錄,未知,未記錄,New Taipei,GBIF
GBIF-6178336189,Carex tristachya,Carex tristachya,角苔類 Anthocerotophyta,未知,未記錄,未知,未記錄,Taipei,GBIF
GBIF-6178336708,Cyperus brevifolius,Cyperus brevifolius,角苔類 Anthocerotophyta,未知,未記錄,未知,未記錄,Taiwan,GBIF
GBIF-6178364763,Carex baccans,Carex baccans,角苔類 Anthocerotophyta,未知,未記錄,未知,未記錄,Taiwan,GBIF
GBIF-6178494305,Cyperus alternifolius,Cyperus alternifolius,角苔類 Anthocerotophyta,未知,未記錄,未知,未記錄,Taiwan,GBIF
GBIF-6178533036,Cyperus difformis,Cyperus difformis,角苔類 Anthocerotophyta,未知,未記錄,未知,未記錄,Kaohsiung,GBIF
GBIF-6178580930,Carex baccans,Carex baccans,角苔類 Anthocerotophyta,未知,未記錄,未知,未記錄,Taipei,GBIF
GBIF-6178610024,Fimbristylis cymosa,Fimbristylis cymosa,角苔類 Anthocerotophyta,未知,未記錄,未知,未記錄,Taiwan,GBIF
GBIF-6178611211,Carex brunnea,Carex brunnea,角苔類 Anthocerotophyta,未知,未記錄,未知,未記錄,Taipei,GBIF
GBIF-6178658850,Cyperus cyperoides,Cyperus cyperoides,角苔類 Anthocerotophyta,未知,未記錄,未知,未記錄,New Taipei,GBIF
GBIF-6178662001,Cyperus cyperoides,Cyperus cyperoides,角苔類 Anthocerotophyta,未知,未記錄,未知,未記錄,New Taipei,GBIF
GBIF-6178693444,Schoenoplectus tabernaemontani,Schoenoplectus tabernaemontani,角苔類 Anthocerotophyta,未知,未記錄,未知,未記錄,Taiwan,GBIF
GBIF-6178767071,Cyperus alternifolius,Cyperus alternifolius,角苔類 Anthocerotophyta,未知,未記錄,未知,未記錄,Taiwan,GBIF
GBIF-6178784021,Cyperus alternifolius,Cyperus alternifolius,角苔類 Anthocerotophyta,未知,未記錄,未知,未記錄,Taipei,GBIF
GBIF-6178921434,Cyperus eragrostis,Cyperus eragrostis,角苔類 Anthocerotophyta,未知,未記錄,未知,未記錄,New Taipei,GBIF
GBIF-6179039960,Carex baccans,Carex baccans,角苔類 Anthocerotophyta,未知,未記錄,未知,未記錄,New Taipei,GBIF
GBIF-6179039964,Carex sociata,Carex sociata,角苔類 Anthocerotophyta,未知,未記錄,未知,未記錄,New Taipei,GBIF
GBIF-6179137344,Cladium mariscus,Cladium mariscus,角苔類 Anthocerotophyta,未知,未記錄,未知,未記錄,Taiwan,GBIF
GBIF-6179316236,Fimbristylis dichotoma,Fimbristylis dichotoma,角苔類 Anthocerotophyta,未知,未記錄,未知,未記錄,Taiwan,GBIF
GBIF-6179316294,Fimbristylis polytrichoides,Fimbristylis polytrichoides,角苔類 Anthocerotophyta,未知,未記錄,未知,未記錄,Tainan,GBIF
GBIF-6179346066,Carex tristachya,Carex tristachya,角苔類 Anthocerotophyta,未知,未記錄,未知,未記錄,Taipei,GBIF
GBIF-6179348372,Cyperus alternifolius,Cyperus alternifolius,角苔類 Anthocerotophyta,未知,未記錄,未知,未記錄,Taiwan,GBIF
GBIF-6179460116,Carex sociata,Carex sociata,角苔類 Anthocerotophyta,未知,未記錄,未知,未記錄,Taipei,GBIF
GBIF-6179467497,Cyperus alternifolius,Cyperus alternifolius,角苔類 Anthocerotophyta,未知,未記錄,未知,未記錄,Taipei,GBIF
GBIF-6179469360,Carex sociata,Carex sociata,角苔類 Anthocerotophyta,未知,未記錄,未知,未記錄,Taipei,GBIF
GBIF-6179474587,Carex baccans,Carex baccans,角苔類 Anthocerotophyta,未知,未記錄,未知,未記錄,Taipei,GBIF
GBIF-6179476993,Carex baccans,Carex baccans,角苔類 Anthocerotophyta,未知,未記錄,未知,未記錄,New Taipei,GBIF
GBIF-6179504223,Cyperus alternifolius,Cyperus alternifolius,角苔類 Anthocerotophyta,未知,未記錄,未知,未記錄,Taichung,GBIF
GBIF-6179522604,Cyperus eragrostis,Cyperus eragrostis,角苔類 Anthocerotophyta,未知,未記錄,未知,未記錄,New Taipei,GBIF
GBIF-6179577848,Carex baccans,Carex baccans,角苔類 Anthocerotophyta,未知,未記錄,未知,未記錄,Taiwan,GBIF
GBIF-6185166660,Carex sociata,Carex sociata,角苔類 Anthocerotophyta,未知,未記錄,未知,未記錄,New Taipei,GBIF
GBIF-6185418076,Carex sociata,Carex sociata,角苔類 Anthocerotophyta,未知,未記錄,未知,未記錄,New Taipei,GBIF
GBIF-6185495349,Cyperus pilosus,Cyperus pilosus,角苔類 Anthocerotophyta,未知,未記錄,未知,未記錄,Taiwan,GBIF
GBIF-6185573557,Cyperus odoratus,Cyperus odoratus,角苔類 Anthocerotophyta,未知,未記錄,未知,未記錄,Taiwan,GBIF
GBIF-6185918888,Cyperus pilosus,Cyperus pilosus,角苔類 Anthocerotophyta,未知,未記錄,未知,未記錄,Taiwan,GBIF
GBIF-6185933301,Carex baccans,Carex baccans,角苔類 Anthocerotophyta,未知,未記錄,未知,未記錄,Taiwan,GBIF
GBIF-6195728195,Cyperus rotundus,Cyperus rotundus,角苔類 Anthocerotophyta,未知,未記錄,未知,未記錄,Taiwan,GBIF
GBIF-6195814473,Cyperus alternifolius,Cyperus alternifolius,角苔類 Anthocerotophyta,未知,未記錄,未知,未記錄,Taichung,GBIF
GBIF-6234314591,Carex baccans,Carex baccans,角苔類 Anthocerotophyta,未知,未記錄,未知,未記錄,New Taipei,GBIF
GBIF-6235843669,Carex baccans,Carex baccans,角苔類 Anthocerotophyta,未知,未記錄,未知,未記錄,Taipei,GBIF
GBIF-6251575919,Carex cryptostachys,Carex cryptostachys,角苔類 Anthocerotophyta,未知,未記錄,未知,未記錄,New Taipei,GBIF
GBIF-6170865668,Carex wahuensis,Carex wahuensis,角苔類 Anthocerotophyta,未知,未記錄,未知,未記錄,Taiwan,GBIF
GBIF-6170997112,Fimbristylis squarrosa,Fimbristylis squarrosa,角苔類 Anthocerotophyta,未知,未記錄,未知,未記錄,Kaohsiung,GBIF
GBIF-6171123907,Fimbristylis sieboldii,Fimbristylis sieboldii,角苔類 Anthocerotophyta,未知,未記錄,未知,未記錄,Taichung,GBIF
GBIF-6178338626,Scirpus ternatanus,Scirpus ternatanus,角苔類 Anthocerotophyta,未知,未記錄,未知,未記錄,Taichung,GBIF
GBIF-6178339386,Carex sociata,Carex sociata,角苔類 Anthocerotophyta,未知,未記錄,未知,未記錄,Taipei,GBIF
GBIF-6178346975,Carex brunnea,Carex brunnea,角苔類 Anthocerotophyta,未知,未記錄,未知,未記錄,New Taipei,GBIF
GBIF-6178368146,Carex filicina,Carex filicina,角苔類 Anthocerotophyta,未知,未記錄,未知,未記錄,Kaohsiung,GBIF
GBIF-6178371399,Cyperus alternifolius,Cyperus alternifolius,角苔類 Anthocerotophyta,未知,未記錄,未知,未記錄,Kaohsiung,GBIF
GBIF-6178378990,Carex sociata,Carex sociata,角苔類 Anthocerotophyta,未知,未記錄,未知,未記錄,New Taipei,GBIF
GBIF-6178404990,Carex baccans,Carex baccans,角苔類 Anthocerotophyta,未知,未記錄,未知,未記錄,New Taipei,GBIF
GBIF-6178474366,Carex tristachya,Carex tristachya,角苔類 Anthocerotophyta,未知,未記錄,未知,未記錄,Taiwan,GBIF
GBIF-6178477237,Gahnia tristis,Gahnia tristis,角苔類 Anthocerotophyta,未知,未記錄,未知,未記錄,Taipei,GBIF
GBIF-6178482006,Cyperus digitatus,Cyperus digitatus,角苔類 Anthocerotophyta,未知,未記錄,未知,未記錄,Kaohsiung,GBIF
GBIF-6178483296,Carex ligulata,Carex ligulata,角苔類 Anthocerotophyta,未知,未記錄,未知,未記錄,Taichung,GBIF
GBIF-6178492701,Gahnia tristis,Gahnia tristis,角苔類 Anthocerotophyta,未知,未記錄,未知,未記錄,Taipei,GBIF
GBIF-6178496437,Scleria terrestris,Scleria terrestris,角苔類 Anthocerotophyta,未知,未記錄,未知,未記錄,Taiwan,GBIF
GBIF-6178511065,Scirpus ternatanus,Scirpus ternatanus,角苔類 Anthocerotophyta,未知,未記錄,未知,未記錄,New Taipei,GBIF
GBIF-6178524836,Carex doniana,Carex doniana,角苔類 Anthocerotophyta,未知,未記錄,未知,未記錄,Taiwan,GBIF
GBIF-6178551596,Carex baccans,Carex baccans,角苔類 Anthocerotophyta,未知,未記錄,未知,未記錄,Taiwan,GBIF
GBIF-6178556329,Carex sociata,Carex sociata,角苔類 Anthocerotophyta,未知,未記錄,未知,未記錄,New Taipei,GBIF
GBIF-6178564310,Cyperus alternifolius,Cyperus alternifolius,角苔類 Anthocerotophyta,未知,未記錄,未知,未記錄,Taipei,GBIF
GBIF-6178581829,Carex filicina,Carex filicina,角苔類 Anthocerotophyta,未知,未記錄,未知,未記錄,Kaohsiung,GBIF
GBIF-6178662447,Cyperus sphacelatus,Cyperus sphacelatus,角苔類 Anthocerotophyta,未知,未記錄,未知,未記錄,Taichung,GBIF
GBIF-6178672161,Cyperus alternifolius,Cyperus alternifolius,角苔類 Anthocerotophyta,未知,未記錄,未知,未記錄,Taiwan,GBIF
GBIF-6178739148,Carex baccans,Carex baccans,角苔類 Anthocerotophyta,未知,未記錄,未知,未記錄,Taipei,GBIF
GBIF-6178739324,Cyperus alternifolius,Cyperus alternifolius,角苔類 Anthocerotophyta,未知,未記錄,未知,未記錄,Taiwan,GBIF
GBIF-6178760333,Carex tristachya,Carex tristachya,角苔類 Anthocerotophyta,未知,未記錄,未知,未記錄,Taiwan,GBIF
GBIF-6178760711,Cyperus cyperoides,Cyperus cyperoides,角苔類 Anthocerotophyta,未知,未記錄,未知,未記錄,Taiwan,GBIF
GBIF-6178792869,Cyperus alternifolius,Cyperus alternifolius,角苔類 Anthocerotophyta,未知,未記錄,未知,未記錄,Kaohsiung,GBIF
GBIF-6178809674,Carex leucochlora,Carex leucochlora,角苔類 Anthocerotophyta,未知,未記錄,未知,未記錄,Taiwan,GBIF
GBIF-6178831059,Fimbristylis aestivalis,Fimbristylis aestivalis,角苔類 Anthocerotophyta,未知,未記錄,未知,未記錄,Kaohsiung,GBIF
GBIF-6178872740,Cyperus alternifolius,Cyperus alternifolius,角苔類 Anthocerotophyta,未知,未記錄,未知,未記錄,Taiwan,GBIF
GBIF-6178876499,Cyperus alternifolius,Cyperus alternifolius,角苔類 Anthocerotophyta,未知,未記錄,未知,未記錄,Kaohsiung,GBIF
GBIF-6178881687,Carex sociata,Carex sociata,角苔類 Anthocerotophyta,未知,未記錄,未知,未記錄,Taipei,GBIF
GBIF-6178922365,Cyperus alternifolius,Cyperus alternifolius,角苔類 Anthocerotophyta,未知,未記錄,未知,未記錄,Taiwan,GBIF
GBIF-6178935479,Carex brunnea,Carex brunnea,角苔類 Anthocerotophyta,未知,未記錄,未知,未記錄,New Taipei,GBIF
GBIF-6178956891,Scirpus ternatanus,Scirpus ternatanus,角苔類 Anthocerotophyta,未知,未記錄,未知,未記錄,Taiwan,GBIF
GBIF-6178994055,Carex sociata,Carex sociata,角苔類 Anthocerotophyta,未知,未記錄,未知,未記錄,New Taipei,GBIF
GBIF-6179057790,Cyperus polystachyos,Cyperus polystachyos,角苔類 Anthocerotophyta,未知,未記錄,未知,未記錄,Kaohsiung,GBIF
GBIF-6179064053,Scirpus ternatanus,Scirpus ternatanus,角苔類 Anthocerotophyta,未知,未記錄,未知,未記錄,Taiwan,GBIF
GBIF-6179094757,Cyperus alternifolius,Cyperus alternifolius,角苔類 Anthocerotophyta,未知,未記錄,未知,未記錄,Taipei,GBIF
GBIF-6179121235,Carex arisanensis,Carex arisanensis,角苔類 Anthocerotophyta,未知,未記錄,未知,未記錄,New Taipei,GBIF
GBIF-6179131049,Carex baccans,Carex baccans,角苔類 Anthocerotophyta,未知,未記錄,未知,未記錄,New Taipei,GBIF
GBIF-6179136400,Carex makinoensis,Carex makinoensis,角苔類 Anthocerotophyta,未知,未記錄,未知,未記錄,Taichung,GBIF
GBIF-6179167723,Carex baccans,Carex baccans,角苔類 Anthocerotophyta,未知,未記錄,未知,未記錄,Taipei,GBIF
GBIF-6179196248,Cyperus alternifolius,Cyperus alternifolius,角苔類 Anthocerotophyta,未知,未記錄,未知,未記錄,Kaohsiung,GBIF
GBIF-6179205729,Cyperus rotundus,Cyperus rotundus,角苔類 Anthocerotophyta,未知,未記錄,未知,未記錄,Taiwan,GBIF
GBIF-6179206736,Cyperus alternifolius,Cyperus alternifolius,角苔類 Anthocerotophyta,未知,未記錄,未知,未記錄,Taipei,GBIF
GBIF-6179220865,Cyperus alternifolius,Cyperus alternifolius,角苔類 Anthocerotophyta,未知,未記錄,未知,未記錄,Kaohsiung,GBIF
GBIF-6179243345,Carex baccans,Carex baccans,角苔類 Anthocerotophyta,未知,未記錄,未知,未記錄,Taiwan,GBIF
GBIF-6179260050,Fimbristylis dichotoma,Fimbristylis dichotoma,角苔類 Anthocerotophyta,未知,未記錄,未知,未記錄,Kaohsiung,GBIF
GBIF-6179274366,Carex baccans,Carex baccans,角苔類 Anthocerotophyta,未知,未記錄,未知,未記錄,Taiwan,GBIF
GBIF-6179277429,Eleocharis geniculata,Eleocharis geniculata,角苔類 Anthocerotophyta,未知,未記錄,未知,未記錄,Taichung,GBIF
GBIF-6179279016,Cyperus haspan,Cyperus haspan,角苔類 Anthocerotophyta,未知,未記錄,未知,未記錄,Taiwan,GBIF
GBIF-6179282393,Cyperus compressus,Cyperus compressus,角苔類 Anthocerotophyta,未知,未記錄,未知,未記錄,Taipei,GBIF
GBIF-6179305838,Cyperus mindorensis,Cyperus mindorensis,角苔類 Anthocerotophyta,未知,未記錄,未知,未記錄,Kaohsiung,GBIF
GBIF-6179349831,Cyperus alternifolius,Cyperus alternifolius,角苔類 Anthocerotophyta,未知,未記錄,未知,未記錄,Taiwan,GBIF
GBIF-6179361047,Carex sociata,Carex sociata,角苔類 Anthocerotophyta,未知,未記錄,未知,未記錄,New Taipei,GBIF
GBIF-6179372292,Cyperus alternifolius,Cyperus alternifolius,角苔類 Anthocerotophyta,未知,未記錄,未知,未記錄,Taiwan,GBIF
